instance_name,source_name,item_name,item_quality,item_id,url
Onyxia's Lair N25,Onyxia,Draconic for Dummies,poor,21108,https://classic.wowhead.com/item=21108
Onyxia's Lair N10,Onyxia,Draconic for Dummies,poor,21108,https://classic.wowhead.com/item=21108
World Bosses,Azuregos,Cold Snap,epic,19130,https://classic.wowhead.com/item=19130
World Bosses,Azuregos,Crystal Adorned Crown,epic,19132,https://classic.wowhead.com/item=19132
World Bosses,Azuregos,Drape of Benediction,epic,18208,https://classic.wowhead.com/item=18208
World Bosses,Azuregos,Eskhandar's Left Claw,epic,18202,https://classic.wowhead.com/item=18202
World Bosses,Azuregos,Fang of the Mystics,epic,17070,https://classic.wowhead.com/item=17070
World Bosses,Azuregos,Leggings of Arcane Supremacy,epic,18545,https://classic.wowhead.com/item=18545
World Bosses,Azuregos,Mature Blue Dragon Sinew,epic,18704,https://classic.wowhead.com/item=18704
World Bosses,Azuregos,Puissant Cape,epic,18541,https://classic.wowhead.com/item=18541
World Bosses,Azuregos,Snowblind Shoes,epic,19131,https://classic.wowhead.com/item=19131
World Bosses,Azuregos,Typhoon,epic,18542,https://classic.wowhead.com/item=18542
World Bosses,Azuregos,Unmelting Ice Girdle,epic,18547,https://classic.wowhead.com/item=18547
World Bosses,Lord Kazzak,Amberseal Keeper,epic,17113,https://classic.wowhead.com/item=17113
World Bosses,Lord Kazzak,Blacklight Bracer,epic,19135,https://classic.wowhead.com/item=19135
World Bosses,Lord Kazzak,Blazefury Medallion,epic,17111,https://classic.wowhead.com/item=17111
World Bosses,Lord Kazzak,Doomhide Gauntlets,epic,18544,https://classic.wowhead.com/item=18544
World Bosses,Lord Kazzak,Empyrean Demolisher,epic,17112,https://classic.wowhead.com/item=17112
World Bosses,Lord Kazzak,Eskhandar's Pelt,epic,18204,https://classic.wowhead.com/item=18204
World Bosses,Lord Kazzak,Fel Infused Leggings,epic,19133,https://classic.wowhead.com/item=19133
World Bosses,Lord Kazzak,Flayed Doomguard Belt,epic,19134,https://classic.wowhead.com/item=19134
World Bosses,Lord Kazzak,Infernal Headcage,epic,18546,https://classic.wowhead.com/item=18546
World Bosses,Lord Kazzak,Ring of Entropy,epic,18543,https://classic.wowhead.com/item=18543
World Bosses,Lord Kazzak,The Eye of Shadow,epic,18665,https://classic.wowhead.com/item=18665
World Bosses,Dragons Shared,Acid Inscribed Greaves,epic,20619,https://classic.wowhead.com/item=20619
World Bosses,Dragons Shared,Ancient Corroded Leggings,epic,20617,https://classic.wowhead.com/item=20617
World Bosses,Dragons Shared,Dragonbone Wristguards,epic,20616,https://classic.wowhead.com/item=20616
World Bosses,Dragons Shared,Dragonspur Wraps,epic,20615,https://classic.wowhead.com/item=20615
World Bosses,Dragons Shared,Gloves of Delusional Power,epic,20618,https://classic.wowhead.com/item=20618
World Bosses,Dragons Shared,Green Dragonskin Cloak,epic,20579,https://classic.wowhead.com/item=20579
World Bosses,Dragons Shared,Hammer of Bestial Fury,epic,20580,https://classic.wowhead.com/item=20580
World Bosses,Dragons Shared,Nightmare Engulfed Object,epic,20644,https://classic.wowhead.com/item=20644
World Bosses,Dragons Shared,Staff of Rampant Growth,epic,20581,https://classic.wowhead.com/item=20581
World Bosses,Dragons Shared,Trance Stone,epic,20582,https://classic.wowhead.com/item=20582
World Bosses,Emeriss,Boots of the Endless Moor,epic,20621,https://classic.wowhead.com/item=20621
World Bosses,Emeriss,Circlet of Restless Dreams,epic,20623,https://classic.wowhead.com/item=20623
World Bosses,Emeriss,Dragonheart Necklace,epic,20622,https://classic.wowhead.com/item=20622
World Bosses,Emeriss,Polished Ironwood Crossbow,epic,20599,https://classic.wowhead.com/item=20599
World Bosses,Emeriss,Ring of the Unliving,epic,20624,https://classic.wowhead.com/item=20624
World Bosses,Lethon,Belt of the Dark Bog,epic,20625,https://classic.wowhead.com/item=20625
World Bosses,Lethon,Black Bark Wristbands,epic,20626,https://classic.wowhead.com/item=20626
World Bosses,Lethon,Dark Heart Pants,epic,20627,https://classic.wowhead.com/item=20627
World Bosses,Lethon,Deviate Growth Cap,epic,20628,https://classic.wowhead.com/item=20628
World Bosses,Lethon,Gauntlets of the Shining Light,epic,20630,https://classic.wowhead.com/item=20630
World Bosses,Lethon,Malignant Footguards,epic,20629,https://classic.wowhead.com/item=20629
World Bosses,Taerar,Boots of Fright,epic,20634,https://classic.wowhead.com/item=20634
World Bosses,Taerar,Mendicant's Slippers,epic,20631,https://classic.wowhead.com/item=20631
World Bosses,Taerar,Mindtear Band,epic,20632,https://classic.wowhead.com/item=20632
World Bosses,Taerar,Nightmare Blade,epic,20577,https://classic.wowhead.com/item=20577
World Bosses,Taerar,Unnatural Leather Spaulders,epic,20633,https://classic.wowhead.com/item=20633
World Bosses,Ysondre,Acid Inscribed Pauldrons,epic,20637,https://classic.wowhead.com/item=20637
World Bosses,Ysondre,Emerald Dragonfang,epic,20578,https://classic.wowhead.com/item=20578
World Bosses,Ysondre,Hibernation Crystal,epic,20636,https://classic.wowhead.com/item=20636
World Bosses,Ysondre,Jade Inlaid Vestments,epic,20635,https://classic.wowhead.com/item=20635
World Bosses,Ysondre,Leggings of the Demented Mind,epic,20638,https://classic.wowhead.com/item=20638
World Bosses,Ysondre,Strangely Glyphed Legplates,epic,20639,https://classic.wowhead.com/item=20639
Naxxramas,Tokens,Bonescythe Ring,epic,23060,https://classic.wowhead.com/item=23060
Naxxramas,Tokens,Desecrated Belt,epic,22370,https://classic.wowhead.com/item=22370
Naxxramas,Tokens,Desecrated Bindings,epic,22369,https://classic.wowhead.com/item=22369
Naxxramas,Tokens,Desecrated Boots,epic,22365,https://classic.wowhead.com/item=22365
Naxxramas,Tokens,Desecrated Bracers,epic,22355,https://classic.wowhead.com/item=22355
Naxxramas,Tokens,Desecrated Breastplate,epic,22349,https://classic.wowhead.com/item=22349
Naxxramas,Tokens,Desecrated Circlet,epic,22367,https://classic.wowhead.com/item=22367
Naxxramas,Tokens,Desecrated Gauntlets,epic,22357,https://classic.wowhead.com/item=22357
Naxxramas,Tokens,Desecrated Girdle,epic,22363,https://classic.wowhead.com/item=22363
Naxxramas,Tokens,Desecrated Gloves,epic,22371,https://classic.wowhead.com/item=22371
Naxxramas,Tokens,Desecrated Handguards,epic,22364,https://classic.wowhead.com/item=22364
Naxxramas,Tokens,Desecrated Headpiece,epic,22360,https://classic.wowhead.com/item=22360
Naxxramas,Tokens,Desecrated Helmet,epic,22353,https://classic.wowhead.com/item=22353
Naxxramas,Tokens,Desecrated Leggings,epic,22366,https://classic.wowhead.com/item=22366
Naxxramas,Tokens,Desecrated Legguards,epic,22359,https://classic.wowhead.com/item=22359
Naxxramas,Tokens,Desecrated Legplates,epic,22352,https://classic.wowhead.com/item=22352
Naxxramas,Tokens,Desecrated Pauldrons,epic,22354,https://classic.wowhead.com/item=22354
Naxxramas,Tokens,Desecrated Robe,epic,22351,https://classic.wowhead.com/item=22351
Naxxramas,Tokens,Desecrated Sabatons,epic,22358,https://classic.wowhead.com/item=22358
Naxxramas,Tokens,Desecrated Sandals,epic,22372,https://classic.wowhead.com/item=22372
Naxxramas,Tokens,Desecrated Shoulderpads,epic,22368,https://classic.wowhead.com/item=22368
Naxxramas,Tokens,Desecrated Spaulders,epic,22361,https://classic.wowhead.com/item=22361
Naxxramas,Tokens,Desecrated Tunic,epic,22350,https://classic.wowhead.com/item=22350
Naxxramas,Tokens,Desecrated Waistguard,epic,22356,https://classic.wowhead.com/item=22356
Naxxramas,Tokens,Desecrated Wristguards,epic,22362,https://classic.wowhead.com/item=22362
Naxxramas,Tokens,Frostfire Ring,epic,23062,https://classic.wowhead.com/item=23062
Naxxramas,Tokens,Frozen Rune,rare,22682,https://classic.wowhead.com/item=22682
Naxxramas,Tokens,Plagueheart Ring,epic,23063,https://classic.wowhead.com/item=23063
Naxxramas,Tokens,Ring of Faith,epic,23061,https://classic.wowhead.com/item=23061
Naxxramas,Tokens,Ring of Redemption,epic,23066,https://classic.wowhead.com/item=23066
Naxxramas,Tokens,Ring of the Cryptstalker,epic,23067,https://classic.wowhead.com/item=23067
Naxxramas,Tokens,Ring of the Dreadnaught,epic,23059,https://classic.wowhead.com/item=23059
Naxxramas,Tokens,Ring of The Dreamwalker,epic,23064,https://classic.wowhead.com/item=23064
Naxxramas,Tokens,Ring of the Earthshatterer,epic,23065,https://classic.wowhead.com/item=23065
Naxxramas,Tokens,Splinter of Atiesh,legendary,22726,https://classic.wowhead.com/item=22726
Naxxramas,Trash,Belt of the Grand Crusader,epic,23666,https://classic.wowhead.com/item=23666
Naxxramas,Trash,Ghoul Skin Tunic,epic,23226,https://classic.wowhead.com/item=23226
Naxxramas,Trash,Girdle of Elemental Fury,epic,23663,https://classic.wowhead.com/item=23663
Naxxramas,Trash,Harbinger of Doom,epic,23044,https://classic.wowhead.com/item=23044
Naxxramas,Trash,Leggings of Elemental Fury,epic,23665,https://classic.wowhead.com/item=23665
Naxxramas,Trash,Leggings of the Grand Crusader,epic,23668,https://classic.wowhead.com/item=23668
Naxxramas,Trash,Misplaced Servo Arm,epic,23221,https://classic.wowhead.com/item=23221
Naxxramas,Trash,Necro-Knight's Garb,epic,23069,https://classic.wowhead.com/item=23069
Naxxramas,Trash,Pauldrons of Elemental Fury,epic,23664,https://classic.wowhead.com/item=23664
Naxxramas,Trash,Ring of the Eternal Flame,epic,23237,https://classic.wowhead.com/item=23237
Naxxramas,Trash,Spaulders of the Grand Crusader,epic,23667,https://classic.wowhead.com/item=23667
Naxxramas,Trash,Stygian Buckler,epic,23238,https://classic.wowhead.com/item=23238
Naxxramas,Trash,Wartorn Chain Scrap,rare,22374,https://classic.wowhead.com/item=22374
Naxxramas,Trash,Wartorn Cloth Scrap,rare,22376,https://classic.wowhead.com/item=22376
Naxxramas,Trash,Wartorn Leather Scrap,rare,22373,https://classic.wowhead.com/item=22373
Naxxramas,Trash,Wartorn Plate Scrap,rare,22375,https://classic.wowhead.com/item=22375
Naxxramas,Anub'Rekhan,Band of Unanswered Prayers,epic,22939,https://classic.wowhead.com/item=22939
Naxxramas,Anub'Rekhan,Cryptfiend Silk Cloak,epic,22938,https://classic.wowhead.com/item=22938
Naxxramas,Anub'Rekhan,Gem of Nerubis,epic,22937,https://classic.wowhead.com/item=22937
Naxxramas,Anub'Rekhan,Touch of Frost,epic,22935,https://classic.wowhead.com/item=22935
Naxxramas,Anub'Rekhan,Wristguards of Vengeance,epic,22936,https://classic.wowhead.com/item=22936
Naxxramas,Faerlina,Icebane Pauldrons,epic,22940,https://classic.wowhead.com/item=22940
Naxxramas,Faerlina,Malice Stone Pendant,epic,22943,https://classic.wowhead.com/item=22943
Naxxramas,Faerlina,Polar Shoulder Pads,epic,22941,https://classic.wowhead.com/item=22941
Naxxramas,Faerlina,The Widow's Embrace,epic,22942,https://classic.wowhead.com/item=22942
Naxxramas,Faerlina,Widow's Remorse,epic,22806,https://classic.wowhead.com/item=22806
Naxxramas,Maexxna,Crystal Webbed Robe,epic,23220,https://classic.wowhead.com/item=23220
Naxxramas,Maexxna,Desecrated Gauntlets,epic,22357,https://classic.wowhead.com/item=22357
Naxxramas,Maexxna,Desecrated Gloves,epic,22371,https://classic.wowhead.com/item=22371
Naxxramas,Maexxna,Desecrated Handguards,epic,22364,https://classic.wowhead.com/item=22364
Naxxramas,Maexxna,Kiss of the Spider,epic,22954,https://classic.wowhead.com/item=22954
Naxxramas,Maexxna,Maexxna's Fang,epic,22804,https://classic.wowhead.com/item=22804
Naxxramas,Maexxna,Pendant of Forgotten Names,epic,22947,https://classic.wowhead.com/item=22947
Naxxramas,Maexxna,Wraith Blade,epic,22807,https://classic.wowhead.com/item=22807
Naxxramas,Noth,Band of the Inevitable,epic,23031,https://classic.wowhead.com/item=23031
Naxxramas,Noth,Cloak of the Scourge,epic,23030,https://classic.wowhead.com/item=23030
Naxxramas,Noth,Hailstone Band,epic,23028,https://classic.wowhead.com/item=23028
Naxxramas,Noth,Hatchet of Sundered Bone,epic,22816,https://classic.wowhead.com/item=22816
Naxxramas,Noth,Libram of Light,epic,23006,https://classic.wowhead.com/item=23006
Naxxramas,Noth,Noth's Frigid Heart,epic,23029,https://classic.wowhead.com/item=23029
Naxxramas,Noth,Totem of Flowing Water,epic,23005,https://classic.wowhead.com/item=23005
Naxxramas,Heigan,Icebane Helmet,epic,23019,https://classic.wowhead.com/item=23019
Naxxramas,Heigan,Icy Scale Coif,epic,23033,https://classic.wowhead.com/item=23033
Naxxramas,Heigan,Legplates of Carnage,epic,23068,https://classic.wowhead.com/item=23068
Naxxramas,Heigan,Necklace of Necropsy,epic,23036,https://classic.wowhead.com/item=23036
Naxxramas,Heigan,Preceptor's Hat,epic,23035,https://classic.wowhead.com/item=23035
Naxxramas,Loatheb,Band of Unnatural Forces,epic,23038,https://classic.wowhead.com/item=23038
Naxxramas,Loatheb,Brimstone Staff,epic,22800,https://classic.wowhead.com/item=22800
Naxxramas,Loatheb,Desecrated Leggings,epic,22366,https://classic.wowhead.com/item=22366
Naxxramas,Loatheb,Desecrated Legguards,epic,22359,https://classic.wowhead.com/item=22359
Naxxramas,Loatheb,Desecrated Legplates,epic,22352,https://classic.wowhead.com/item=22352
Naxxramas,Loatheb,Loatheb's Reflection,epic,23042,https://classic.wowhead.com/item=23042
Naxxramas,Loatheb,Ring of Spiritual Fervor,epic,23037,https://classic.wowhead.com/item=23037
Naxxramas,Loatheb,The Eye of Nerub,epic,23039,https://classic.wowhead.com/item=23039
Naxxramas,Razuvious,Girdle of the Mentor,epic,23219,https://classic.wowhead.com/item=23219
Naxxramas,Razuvious,"Iblis, Blade of the Fallen Seraph",epic,23014,https://classic.wowhead.com/item=23014
Naxxramas,Razuvious,Idol of Longevity,epic,23004,https://classic.wowhead.com/item=23004
Naxxramas,Razuvious,Signet of the Fallen Defender,epic,23018,https://classic.wowhead.com/item=23018
Naxxramas,Razuvious,Veil of Eclipse,epic,23017,https://classic.wowhead.com/item=23017
Naxxramas,Razuvious,Wand of the Whispering Dead,epic,23009,https://classic.wowhead.com/item=23009
Naxxramas,Gothik,Boots of Displacement,epic,23073,https://classic.wowhead.com/item=23073
Naxxramas,Gothik,Glacial Headdress,epic,23032,https://classic.wowhead.com/item=23032
Naxxramas,Gothik,Polar Helmet,epic,23020,https://classic.wowhead.com/item=23020
Naxxramas,Gothik,Sadist's Collar,epic,23023,https://classic.wowhead.com/item=23023
Naxxramas,Gothik,The Soul Harvester's Bindings,epic,23021,https://classic.wowhead.com/item=23021
Naxxramas,Four Horsemen,Corrupted Ashbringer,epic,22691,https://classic.wowhead.com/item=22691
Naxxramas,Four Horsemen,Desecrated Breastplate,epic,22349,https://classic.wowhead.com/item=22349
Naxxramas,Four Horsemen,Desecrated Robe,epic,22351,https://classic.wowhead.com/item=22351
Naxxramas,Four Horsemen,Desecrated Tunic,epic,22350,https://classic.wowhead.com/item=22350
Naxxramas,Four Horsemen,Leggings of Apocalypse,epic,23071,https://classic.wowhead.com/item=23071
Naxxramas,Four Horsemen,Maul of the Redeemed Crusader,epic,22809,https://classic.wowhead.com/item=22809
Naxxramas,Four Horsemen,Seal of the Damned,epic,23025,https://classic.wowhead.com/item=23025
Naxxramas,Four Horsemen,Soulstring,epic,22811,https://classic.wowhead.com/item=22811
Naxxramas,Four Horsemen,Warmth of Forgiveness,epic,23027,https://classic.wowhead.com/item=23027
Naxxramas,Patchwerk,Band of Reanimation,epic,22961,https://classic.wowhead.com/item=22961
Naxxramas,Patchwerk,Cloak of Suturing,epic,22960,https://classic.wowhead.com/item=22960
Naxxramas,Patchwerk,Severance,epic,22815,https://classic.wowhead.com/item=22815
Naxxramas,Patchwerk,The Plague Bearer,epic,22818,https://classic.wowhead.com/item=22818
Naxxramas,Patchwerk,Wand of Fates,epic,22820,https://classic.wowhead.com/item=22820
Naxxramas,Grobbulus,Glacial Mantle,epic,22968,https://classic.wowhead.com/item=22968
Naxxramas,Grobbulus,Icy Scale Spaulders,epic,22967,https://classic.wowhead.com/item=22967
Naxxramas,Grobbulus,Midnight Haze,epic,22803,https://classic.wowhead.com/item=22803
Naxxramas,Grobbulus,The End of Dreams,epic,22988,https://classic.wowhead.com/item=22988
Naxxramas,Grobbulus,Toxin Injector,epic,22810,https://classic.wowhead.com/item=22810
Naxxramas,Gluth,Claymore of Unholy Might,epic,22813,https://classic.wowhead.com/item=22813
Naxxramas,Gluth,Death's Bargain,epic,23075,https://classic.wowhead.com/item=23075
Naxxramas,Gluth,Digested Hand of Power,epic,22994,https://classic.wowhead.com/item=22994
Naxxramas,Gluth,Gluth's Missing Collar,epic,22981,https://classic.wowhead.com/item=22981
Naxxramas,Gluth,Rime Covered Mantle,epic,22983,https://classic.wowhead.com/item=22983
Naxxramas,Thaddius,Desecrated Circlet,epic,22367,https://classic.wowhead.com/item=22367
Naxxramas,Thaddius,Desecrated Headpiece,epic,22360,https://classic.wowhead.com/item=22360
Naxxramas,Thaddius,Desecrated Helmet,epic,22353,https://classic.wowhead.com/item=22353
Naxxramas,Thaddius,Eye of Diminution,epic,23001,https://classic.wowhead.com/item=23001
Naxxramas,Thaddius,Leggings of Polarity,epic,23070,https://classic.wowhead.com/item=23070
Naxxramas,Thaddius,Plated Abomination Ribcage,epic,23000,https://classic.wowhead.com/item=23000
Naxxramas,Thaddius,Spire of Twilight,epic,22801,https://classic.wowhead.com/item=22801
Naxxramas,Thaddius,The Castigator,epic,22808,https://classic.wowhead.com/item=22808
Naxxramas,Sapphiron,Claw of the Frost Wyrm,epic,23242,https://classic.wowhead.com/item=23242
Naxxramas,Sapphiron,Cloak of the Necropolis,epic,23050,https://classic.wowhead.com/item=23050
Naxxramas,Sapphiron,Eye of the Dead,epic,23047,https://classic.wowhead.com/item=23047
Naxxramas,Sapphiron,Fortitude of the Scourge,epic,23549,https://classic.wowhead.com/item=23549
Naxxramas,Sapphiron,Glyph of Deflection,epic,23040,https://classic.wowhead.com/item=23040
Naxxramas,Sapphiron,Might of the Scourge,epic,23548,https://classic.wowhead.com/item=23548
Naxxramas,Sapphiron,Power of the Scourge,epic,23545,https://classic.wowhead.com/item=23545
Naxxramas,Sapphiron,Resilience of the Scourge,epic,23547,https://classic.wowhead.com/item=23547
Naxxramas,Sapphiron,Sapphiron's Left Eye,epic,23049,https://classic.wowhead.com/item=23049
Naxxramas,Sapphiron,Sapphiron's Right Eye,epic,23048,https://classic.wowhead.com/item=23048
Naxxramas,Sapphiron,Shroud of Dominion,epic,23045,https://classic.wowhead.com/item=23045
Naxxramas,Sapphiron,Slayer's Crest,epic,23041,https://classic.wowhead.com/item=23041
Naxxramas,Sapphiron,The Face of Death,epic,23043,https://classic.wowhead.com/item=23043
Naxxramas,Sapphiron,The Restrained Essence of Sapphiron,epic,23046,https://classic.wowhead.com/item=23046
Naxxramas,Kel'Thuzad,Bonescythe Ring,epic,23060,https://classic.wowhead.com/item=23060
Naxxramas,Kel'Thuzad,Doomfinger,epic,22821,https://classic.wowhead.com/item=22821
Naxxramas,Kel'Thuzad,Frostfire Ring,epic,23062,https://classic.wowhead.com/item=23062
Naxxramas,Kel'Thuzad,Gem of Trapped Innocents,epic,23057,https://classic.wowhead.com/item=23057
Naxxramas,Kel'Thuzad,"Gressil, Dawn of Ruin",epic,23054,https://classic.wowhead.com/item=23054
Naxxramas,Kel'Thuzad,Hammer of the Twisting Nether,epic,23056,https://classic.wowhead.com/item=23056
Naxxramas,Kel'Thuzad,Kingsfall,epic,22802,https://classic.wowhead.com/item=22802
Naxxramas,Kel'Thuzad,Might of Menethil,epic,22798,https://classic.wowhead.com/item=22798
Naxxramas,Kel'Thuzad,Nerubian Slavemaker,epic,22812,https://classic.wowhead.com/item=22812
Naxxramas,Kel'Thuzad,Plagueheart Ring,epic,23063,https://classic.wowhead.com/item=23063
Naxxramas,Kel'Thuzad,Ring of Faith,epic,23061,https://classic.wowhead.com/item=23061
Naxxramas,Kel'Thuzad,Ring of Redemption,epic,23066,https://classic.wowhead.com/item=23066
Naxxramas,Kel'Thuzad,Ring of the Cryptstalker,epic,23067,https://classic.wowhead.com/item=23067
Naxxramas,Kel'Thuzad,Ring of the Dreadnaught,epic,23059,https://classic.wowhead.com/item=23059
Naxxramas,Kel'Thuzad,Ring of The Dreamwalker,epic,23064,https://classic.wowhead.com/item=23064
Naxxramas,Kel'Thuzad,Ring of the Earthshatterer,epic,23065,https://classic.wowhead.com/item=23065
Naxxramas,Kel'Thuzad,Shield of Condemnation,epic,22819,https://classic.wowhead.com/item=22819
Naxxramas,Kel'Thuzad,Soulseeker,epic,22799,https://classic.wowhead.com/item=22799
Naxxramas,Kel'Thuzad,Stormrage's Talisman of Seething,epic,23053,https://classic.wowhead.com/item=23053
Naxxramas,Kel'Thuzad,The Hungering Cold,epic,23577,https://classic.wowhead.com/item=23577
Naxxramas,Kel'Thuzad,The Phylactery of Kel'Thuzad,epic,22520,https://classic.wowhead.com/item=22520
Temple of Ahn'Qiraj,Mounts,Blue Qiraji Resonating Crystal,rare,21218,https://classic.wowhead.com/item=21218
Temple of Ahn'Qiraj,Mounts,Green Qiraji Resonating Crystal,rare,21323,https://classic.wowhead.com/item=21323
Temple of Ahn'Qiraj,Mounts,Red Qiraji Resonating Crystal,rare,21321,https://classic.wowhead.com/item=21321
Temple of Ahn'Qiraj,Mounts,Yellow Qiraji Resonating Crystal,rare,21324,https://classic.wowhead.com/item=21324
Temple of Ahn'Qiraj,Enchants,Formula: Enchant Cloak - Dodge,rare,20736,https://classic.wowhead.com/item=20736
Temple of Ahn'Qiraj,Enchants,Formula: Enchant Cloak - Stealth,rare,20734,https://classic.wowhead.com/item=20734
Temple of Ahn'Qiraj,Enchants,Formula: Enchant Gloves - Fire Power,rare,20729,https://classic.wowhead.com/item=20729
Temple of Ahn'Qiraj,Enchants,Formula: Enchant Gloves - Frost Power,rare,20728,https://classic.wowhead.com/item=20728
Temple of Ahn'Qiraj,Enchants,Formula: Enchant Gloves - Healing Power,rare,20730,https://classic.wowhead.com/item=20730
Temple of Ahn'Qiraj,Enchants,Formula: Enchant Gloves - Shadow Power,rare,20727,https://classic.wowhead.com/item=20727
Temple of Ahn'Qiraj,Enchants,Formula: Enchant Gloves - Superior Agility,rare,20731,https://classic.wowhead.com/item=20731
Temple of Ahn'Qiraj,Tokens,Carapace of the Old God,epic,20929,https://classic.wowhead.com/item=20929
Temple of Ahn'Qiraj,Tokens,Husk of the Old God,epic,20933,https://classic.wowhead.com/item=20933
Temple of Ahn'Qiraj,Tokens,Imperial Qiraji Armaments,epic,21232,https://classic.wowhead.com/item=21232
Temple of Ahn'Qiraj,Tokens,Imperial Qiraji Regalia,epic,21237,https://classic.wowhead.com/item=21237
Temple of Ahn'Qiraj,Tokens,Ouro's Intact Hide,epic,20927,https://classic.wowhead.com/item=20927
Temple of Ahn'Qiraj,Tokens,Qiraji Bindings of Command,epic,20928,https://classic.wowhead.com/item=20928
Temple of Ahn'Qiraj,Tokens,Qiraji Bindings of Dominance,epic,20932,https://classic.wowhead.com/item=20932
Temple of Ahn'Qiraj,Tokens,Skin of the Great Sandworm,epic,20931,https://classic.wowhead.com/item=20931
Temple of Ahn'Qiraj,Tokens,Vek'lor's Diadem,epic,20930,https://classic.wowhead.com/item=20930
Temple of Ahn'Qiraj,Tokens,Vek'nilash's Circlet,epic,20926,https://classic.wowhead.com/item=20926
Temple of Ahn'Qiraj,Trash,Anubisath Warhammer,epic,21837,https://classic.wowhead.com/item=21837
Temple of Ahn'Qiraj,Trash,Garb of Royal Ascension,epic,21838,https://classic.wowhead.com/item=21838
Temple of Ahn'Qiraj,Trash,Gloves of the Immortal,epic,21888,https://classic.wowhead.com/item=21888
Temple of Ahn'Qiraj,Trash,Gloves of the Redeemed Prophecy,epic,21889,https://classic.wowhead.com/item=21889
Temple of Ahn'Qiraj,Trash,"Neretzek, The Blood Drinker",epic,21856,https://classic.wowhead.com/item=21856
Temple of Ahn'Qiraj,Trash,Ritssyn's Ring of Chaos,epic,21836,https://classic.wowhead.com/item=21836
Temple of Ahn'Qiraj,Trash,Shard of the Fallen Star,epic,21891,https://classic.wowhead.com/item=21891
Temple of Ahn'Qiraj,Skeram,Amulet of Foul Warding,epic,21702,https://classic.wowhead.com/item=21702
Temple of Ahn'Qiraj,Skeram,Barrage Shoulders,epic,21699,https://classic.wowhead.com/item=21699
Temple of Ahn'Qiraj,Skeram,Beetle Scaled Wristguards,epic,21708,https://classic.wowhead.com/item=21708
Temple of Ahn'Qiraj,Skeram,Boots of the Fallen Prophet,epic,21705,https://classic.wowhead.com/item=21705
Temple of Ahn'Qiraj,Skeram,Boots of the Redeemed Prophecy,epic,21704,https://classic.wowhead.com/item=21704
Temple of Ahn'Qiraj,Skeram,Boots of the Unwavering Will,epic,21706,https://classic.wowhead.com/item=21706
Temple of Ahn'Qiraj,Skeram,Breastplate of Annihilation,epic,21814,https://classic.wowhead.com/item=21814
Temple of Ahn'Qiraj,Skeram,Cloak of Concentrated Hatred,epic,21701,https://classic.wowhead.com/item=21701
Temple of Ahn'Qiraj,Skeram,Hammer of Ji'zhi,epic,21703,https://classic.wowhead.com/item=21703
Temple of Ahn'Qiraj,Skeram,Leggings of Immersion,epic,21698,https://classic.wowhead.com/item=21698
Temple of Ahn'Qiraj,Skeram,Pendant of the Qiraji Guardian,epic,21700,https://classic.wowhead.com/item=21700
Temple of Ahn'Qiraj,Skeram,Plans: Thick Obsidian Breastplate,rare,22222,https://classic.wowhead.com/item=22222
Temple of Ahn'Qiraj,Skeram,Ring of Swarming Thought,epic,21707,https://classic.wowhead.com/item=21707
Temple of Ahn'Qiraj,Skeram,Staff of the Qiraji Prophets,epic,21128,https://classic.wowhead.com/item=21128
Temple of Ahn'Qiraj,Bug Trio,Angelista's Charm,epic,21690,https://classic.wowhead.com/item=21690
Temple of Ahn'Qiraj,Bug Trio,Angelista's Touch,epic,21695,https://classic.wowhead.com/item=21695
Temple of Ahn'Qiraj,Bug Trio,Bile-Covered Gauntlets,epic,21682,https://classic.wowhead.com/item=21682
Temple of Ahn'Qiraj,Bug Trio,Boots of the Fallen Hero,epic,21688,https://classic.wowhead.com/item=21688
Temple of Ahn'Qiraj,Bug Trio,Cape of the Trinity,epic,21697,https://classic.wowhead.com/item=21697
Temple of Ahn'Qiraj,Bug Trio,Gloves of Ebru,epic,21689,https://classic.wowhead.com/item=21689
Temple of Ahn'Qiraj,Bug Trio,Guise of the Devourer,epic,21693,https://classic.wowhead.com/item=21693
Temple of Ahn'Qiraj,Bug Trio,Mantle of Phrenic Power,epic,21686,https://classic.wowhead.com/item=21686
Temple of Ahn'Qiraj,Bug Trio,Mantle of the Desert Crusade,epic,21683,https://classic.wowhead.com/item=21683
Temple of Ahn'Qiraj,Bug Trio,Mantle of the Desert's Fury,epic,21684,https://classic.wowhead.com/item=21684
Temple of Ahn'Qiraj,Bug Trio,Ooze-ridden Gauntlets,epic,21691,https://classic.wowhead.com/item=21691
Temple of Ahn'Qiraj,Bug Trio,Petrified Scarab,epic,21685,https://classic.wowhead.com/item=21685
Temple of Ahn'Qiraj,Bug Trio,Ring of the Devoured,epic,21681,https://classic.wowhead.com/item=21681
Temple of Ahn'Qiraj,Bug Trio,Robes of the Triumvirate,epic,21696,https://classic.wowhead.com/item=21696
Temple of Ahn'Qiraj,Bug Trio,Ternary Mantle,epic,21694,https://classic.wowhead.com/item=21694
Temple of Ahn'Qiraj,Bug Trio,Triad Girdle,epic,21692,https://classic.wowhead.com/item=21692
Temple of Ahn'Qiraj,Bug Trio,Ukko's Ring of Darkness,epic,21687,https://classic.wowhead.com/item=21687
Temple of Ahn'Qiraj,Bug Trio,Vest of Swift Execution,epic,21680,https://classic.wowhead.com/item=21680
Temple of Ahn'Qiraj,Bug Trio,Wand of Qiraji Nobility,epic,21603,https://classic.wowhead.com/item=21603
Temple of Ahn'Qiraj,Sartura,Badge of the Swarmguard,epic,21670,https://classic.wowhead.com/item=21670
Temple of Ahn'Qiraj,Sartura,Creeping Vine Helm,epic,21669,https://classic.wowhead.com/item=21669
Temple of Ahn'Qiraj,Sartura,Gauntlets of Steadfast Determination,epic,21674,https://classic.wowhead.com/item=21674
Temple of Ahn'Qiraj,Sartura,Gloves of Enforcement,epic,21672,https://classic.wowhead.com/item=21672
Temple of Ahn'Qiraj,Sartura,Leggings of the Festering Swarm,epic,21676,https://classic.wowhead.com/item=21676
Temple of Ahn'Qiraj,Sartura,Legplates of Blazing Light,epic,21667,https://classic.wowhead.com/item=21667
Temple of Ahn'Qiraj,Sartura,Necklace of Purity,epic,21678,https://classic.wowhead.com/item=21678
Temple of Ahn'Qiraj,Sartura,Recomposed Boots,epic,21648,https://classic.wowhead.com/item=21648
Temple of Ahn'Qiraj,Sartura,Robes of the Battleguard,epic,21671,https://classic.wowhead.com/item=21671
Temple of Ahn'Qiraj,Sartura,Sartura's Might,epic,21666,https://classic.wowhead.com/item=21666
Temple of Ahn'Qiraj,Sartura,Scaled Leggings of Qiraji Fury,epic,21668,https://classic.wowhead.com/item=21668
Temple of Ahn'Qiraj,Sartura,Silithid Claw,epic,21673,https://classic.wowhead.com/item=21673
Temple of Ahn'Qiraj,Sartura,Thick Qirajihide Belt,epic,21675,https://classic.wowhead.com/item=21675
Temple of Ahn'Qiraj,Fankriss,Ancient Qiraji Ripper,epic,21650,https://classic.wowhead.com/item=21650
Temple of Ahn'Qiraj,Fankriss,Barb of the Sand Reaver,epic,21635,https://classic.wowhead.com/item=21635
Temple of Ahn'Qiraj,Fankriss,Barbed Choker,epic,21664,https://classic.wowhead.com/item=21664
Temple of Ahn'Qiraj,Fankriss,Cloak of Untold Secrets,epic,21627,https://classic.wowhead.com/item=21627
Temple of Ahn'Qiraj,Fankriss,Fetish of the Sand Reaver,epic,21647,https://classic.wowhead.com/item=21647
Temple of Ahn'Qiraj,Fankriss,Hive Tunneler's Boots,epic,21645,https://classic.wowhead.com/item=21645
Temple of Ahn'Qiraj,Fankriss,Libram of Grace,epic,22402,https://classic.wowhead.com/item=22402
Temple of Ahn'Qiraj,Fankriss,Mantle of Wicked Revenge,epic,21665,https://classic.wowhead.com/item=21665
Temple of Ahn'Qiraj,Fankriss,Pauldrons of the Unrelenting,epic,21639,https://classic.wowhead.com/item=21639
Temple of Ahn'Qiraj,Fankriss,Robes of the Guardian Saint,epic,21663,https://classic.wowhead.com/item=21663
Temple of Ahn'Qiraj,Fankriss,Scaled Sand Reaver Leggings,epic,21651,https://classic.wowhead.com/item=21651
Temple of Ahn'Qiraj,Fankriss,Silithid Carapace Chestguard,epic,21652,https://classic.wowhead.com/item=21652
Temple of Ahn'Qiraj,Fankriss,Totem of Life,epic,22396,https://classic.wowhead.com/item=22396
Temple of Ahn'Qiraj,Viscidus,Gauntlets of Kalimdor,epic,21624,https://classic.wowhead.com/item=21624
Temple of Ahn'Qiraj,Viscidus,Gauntlets of the Righteous Champion,epic,21623,https://classic.wowhead.com/item=21623
Temple of Ahn'Qiraj,Viscidus,Idol of Health,epic,22399,https://classic.wowhead.com/item=22399
Temple of Ahn'Qiraj,Viscidus,Qiraji Bindings of Command,epic,20928,https://classic.wowhead.com/item=20928
Temple of Ahn'Qiraj,Viscidus,Qiraji Bindings of Dominance,epic,20932,https://classic.wowhead.com/item=20932
Temple of Ahn'Qiraj,Viscidus,Ring of the Qiraji Fury,epic,21677,https://classic.wowhead.com/item=21677
Temple of Ahn'Qiraj,Viscidus,Scarab Brooch,epic,21625,https://classic.wowhead.com/item=21625
Temple of Ahn'Qiraj,Viscidus,Sharpened Silithid Femur,epic,21622,https://classic.wowhead.com/item=21622
Temple of Ahn'Qiraj,Viscidus,Slime-coated Leggings,epic,21626,https://classic.wowhead.com/item=21626
Temple of Ahn'Qiraj,Huhuran,Cloak of the Golden Hive,epic,21621,https://classic.wowhead.com/item=21621
Temple of Ahn'Qiraj,Huhuran,Gloves of the Messiah,epic,21619,https://classic.wowhead.com/item=21619
Temple of Ahn'Qiraj,Huhuran,Hive Defiler Wristguards,epic,21618,https://classic.wowhead.com/item=21618
Temple of Ahn'Qiraj,Huhuran,Huhuran's Stinger,epic,21616,https://classic.wowhead.com/item=21616
Temple of Ahn'Qiraj,Huhuran,Qiraji Bindings of Command,epic,20928,https://classic.wowhead.com/item=20928
Temple of Ahn'Qiraj,Huhuran,Qiraji Bindings of Dominance,epic,20932,https://classic.wowhead.com/item=20932
Temple of Ahn'Qiraj,Huhuran,Ring of the Martyr,epic,21620,https://classic.wowhead.com/item=21620
Temple of Ahn'Qiraj,Huhuran,Wasphide Gauntlets,epic,21617,https://classic.wowhead.com/item=21617
Temple of Ahn'Qiraj,Twin Emperors,Amulet of Vek'nilash,epic,21608,https://classic.wowhead.com/item=21608
Temple of Ahn'Qiraj,Twin Emperors,Belt of the Fallen Emperor,epic,21606,https://classic.wowhead.com/item=21606
Temple of Ahn'Qiraj,Twin Emperors,Boots of Epiphany,epic,21600,https://classic.wowhead.com/item=21600
Temple of Ahn'Qiraj,Twin Emperors,Bracelets of Royal Redemption,epic,21604,https://classic.wowhead.com/item=21604
Temple of Ahn'Qiraj,Twin Emperors,Gloves of the Hidden Temple,epic,21605,https://classic.wowhead.com/item=21605
Temple of Ahn'Qiraj,Twin Emperors,Grasp of the Fallen Emperor,epic,21607,https://classic.wowhead.com/item=21607
Temple of Ahn'Qiraj,Twin Emperors,Kalimdor's Revenge,epic,21679,https://classic.wowhead.com/item=21679
Temple of Ahn'Qiraj,Twin Emperors,Qiraji Execution Bracers,epic,21602,https://classic.wowhead.com/item=21602
Temple of Ahn'Qiraj,Twin Emperors,Regenerating Belt of Vek'nilash,epic,21609,https://classic.wowhead.com/item=21609
Temple of Ahn'Qiraj,Twin Emperors,Ring of Emperor Vek'lor,epic,21601,https://classic.wowhead.com/item=21601
Temple of Ahn'Qiraj,Twin Emperors,Royal Qiraji Belt,epic,21598,https://classic.wowhead.com/item=21598
Temple of Ahn'Qiraj,Twin Emperors,Royal Scepter of Vek'lor,epic,21597,https://classic.wowhead.com/item=21597
Temple of Ahn'Qiraj,Twin Emperors,Vek'lor's Diadem,epic,20930,https://classic.wowhead.com/item=20930
Temple of Ahn'Qiraj,Twin Emperors,Vek'lor's Gloves of Devastation,epic,21599,https://classic.wowhead.com/item=21599
Temple of Ahn'Qiraj,Twin Emperors,Vek'nilash's Circlet,epic,20926,https://classic.wowhead.com/item=20926
Temple of Ahn'Qiraj,Ouro,Burrower Bracers,epic,21611,https://classic.wowhead.com/item=21611
Temple of Ahn'Qiraj,Ouro,Don Rigoberto's Lost Hat,epic,21615,https://classic.wowhead.com/item=21615
Temple of Ahn'Qiraj,Ouro,Jom Gabbar,epic,23570,https://classic.wowhead.com/item=23570
Temple of Ahn'Qiraj,Ouro,Larvae of the Great Worm,epic,23557,https://classic.wowhead.com/item=23557
Temple of Ahn'Qiraj,Ouro,Ouro's Intact Hide,epic,20927,https://classic.wowhead.com/item=20927
Temple of Ahn'Qiraj,Ouro,Skin of the Great Sandworm,epic,20931,https://classic.wowhead.com/item=20931
Temple of Ahn'Qiraj,Ouro,The Burrower's Shell,epic,23558,https://classic.wowhead.com/item=23558
Temple of Ahn'Qiraj,Ouro,Wormscale Blocker,epic,21610,https://classic.wowhead.com/item=21610
Temple of Ahn'Qiraj,C'Thun,Belt of Never-ending Agony,epic,21586,https://classic.wowhead.com/item=21586
Temple of Ahn'Qiraj,C'Thun,Carapace of the Old God,epic,20929,https://classic.wowhead.com/item=20929
Temple of Ahn'Qiraj,C'Thun,Cloak of Clarity,epic,21583,https://classic.wowhead.com/item=21583
Temple of Ahn'Qiraj,C'Thun,Cloak of the Devoured,epic,22731,https://classic.wowhead.com/item=22731
Temple of Ahn'Qiraj,C'Thun,Dark Edge of Insanity,epic,21134,https://classic.wowhead.com/item=21134
Temple of Ahn'Qiraj,C'Thun,Dark Storm Gauntlets,epic,21585,https://classic.wowhead.com/item=21585
Temple of Ahn'Qiraj,C'Thun,Death's Sting,epic,21126,https://classic.wowhead.com/item=21126
Temple of Ahn'Qiraj,C'Thun,Eye of C'Thun,epic,21221,https://classic.wowhead.com/item=21221
Temple of Ahn'Qiraj,C'Thun,Eyestalk Waist Cord,epic,22730,https://classic.wowhead.com/item=22730
Temple of Ahn'Qiraj,C'Thun,Gauntlets of Annihilation,epic,21581,https://classic.wowhead.com/item=21581
Temple of Ahn'Qiraj,C'Thun,Grasp of the Old God,epic,21582,https://classic.wowhead.com/item=21582
Temple of Ahn'Qiraj,C'Thun,Husk of the Old God,epic,20933,https://classic.wowhead.com/item=20933
Temple of Ahn'Qiraj,C'Thun,Mark of C'Thun,epic,22732,https://classic.wowhead.com/item=22732
Temple of Ahn'Qiraj,C'Thun,Ring of the Godslayer,epic,21596,https://classic.wowhead.com/item=21596
Temple of Ahn'Qiraj,C'Thun,Scepter of the False Prophet,epic,21839,https://classic.wowhead.com/item=21839
Temple of Ahn'Qiraj,C'Thun,Vanquished Tentacle of C'Thun,epic,21579,https://classic.wowhead.com/item=21579
Temple of Ahn'Qiraj,Enchants,Formula: Enchant Cloak - Subtlety,rare,20735,https://classic.wowhead.com/item=20735
Ruins of Ahn'Qiraj,Enchants,Formula: Enchant Cloak - Stealth,rare,20734,https://classic.wowhead.com/item=20734
Ruins of Ahn'Qiraj,Enchants,Formula: Enchant Gloves - Frost Power,rare,20728,https://classic.wowhead.com/item=20728
Ruins of Ahn'Qiraj,Enchants,Formula: Enchant Gloves - Healing Power,rare,20730,https://classic.wowhead.com/item=20730
Ruins of Ahn'Qiraj,Enchants,Formula: Enchant Gloves - Superior Agility,rare,20731,https://classic.wowhead.com/item=20731
Ruins of Ahn'Qiraj,Enchants,Formula: Enchant Gloves - Threat,rare,20726,https://classic.wowhead.com/item=20726
Ruins of Ahn'Qiraj,Tokens,Qiraji Ceremonial Ring,rare,20888,https://classic.wowhead.com/item=20888
Ruins of Ahn'Qiraj,Tokens,Qiraji Magisterial Ring,rare,20884,https://classic.wowhead.com/item=20884
Ruins of Ahn'Qiraj,Tokens,Qiraji Martial Drape,rare,20885,https://classic.wowhead.com/item=20885
Ruins of Ahn'Qiraj,Tokens,Qiraji Ornate Hilt,epic,20890,https://classic.wowhead.com/item=20890
Ruins of Ahn'Qiraj,Tokens,Qiraji Regal Drape,rare,20889,https://classic.wowhead.com/item=20889
Ruins of Ahn'Qiraj,Tokens,Qiraji Spiked Hilt,epic,20886,https://classic.wowhead.com/item=20886
Ruins of Ahn'Qiraj,Trash,Antenna of Invigoration,rare,21801,https://classic.wowhead.com/item=21801
Ruins of Ahn'Qiraj,Trash,Coif of Elemental Fury,rare,21804,https://classic.wowhead.com/item=21804
Ruins of Ahn'Qiraj,Trash,Fury of the Forgotten Swarm,rare,21809,https://classic.wowhead.com/item=21809
Ruins of Ahn'Qiraj,Trash,Gavel of Qiraji Authority,rare,21806,https://classic.wowhead.com/item=21806
Ruins of Ahn'Qiraj,Trash,Helm of the Holy Avenger,rare,21803,https://classic.wowhead.com/item=21803
Ruins of Ahn'Qiraj,Trash,Silithid Husked Launcher,rare,21800,https://classic.wowhead.com/item=21800
Ruins of Ahn'Qiraj,Trash,The Lost Kris of Zedd,rare,21802,https://classic.wowhead.com/item=21802
Ruins of Ahn'Qiraj,Trash,Treads of the Wandering Nomad,rare,21810,https://classic.wowhead.com/item=21810
Ruins of Ahn'Qiraj,Kurinnaxx,Belt of the Inquisition,rare,21500,https://classic.wowhead.com/item=21500
Ruins of Ahn'Qiraj,Kurinnaxx,Belt of the Sand Reaver,rare,21503,https://classic.wowhead.com/item=21503
Ruins of Ahn'Qiraj,Kurinnaxx,Qiraji Sacrificial Dagger,epic,21498,https://classic.wowhead.com/item=21498
Ruins of Ahn'Qiraj,Kurinnaxx,Sand Reaver Wristguards,rare,21502,https://classic.wowhead.com/item=21502
Ruins of Ahn'Qiraj,Kurinnaxx,Toughened Silithid Hide Gloves,rare,21501,https://classic.wowhead.com/item=21501
Ruins of Ahn'Qiraj,Kurinnaxx,Vestments of the Shifting Sands,epic,21499,https://classic.wowhead.com/item=21499
Ruins of Ahn'Qiraj,General Rajaxx,Boots of the Qiraji General,rare,21497,https://classic.wowhead.com/item=21497
Ruins of Ahn'Qiraj,General Rajaxx,Boots of the Vanguard,epic,21493,https://classic.wowhead.com/item=21493
Ruins of Ahn'Qiraj,General Rajaxx,Bracers of Qiraji Command,rare,21496,https://classic.wowhead.com/item=21496
Ruins of Ahn'Qiraj,General Rajaxx,Legplates of the Qiraji Command,rare,21495,https://classic.wowhead.com/item=21495
Ruins of Ahn'Qiraj,General Rajaxx,Manslayer of the Qiraji,epic,21492,https://classic.wowhead.com/item=21492
Ruins of Ahn'Qiraj,General Rajaxx,Southwind's Grasp,rare,21494,https://classic.wowhead.com/item=21494
Ruins of Ahn'Qiraj,Moam,Chitinous Shoulderguards,rare,21474,https://classic.wowhead.com/item=21474
Ruins of Ahn'Qiraj,Moam,Cloak of the Savior,rare,21470,https://classic.wowhead.com/item=21470
Ruins of Ahn'Qiraj,Moam,Dustwind Turban,epic,21472,https://classic.wowhead.com/item=21472
Ruins of Ahn'Qiraj,Moam,Eye of Moam,rare,21473,https://classic.wowhead.com/item=21473
Ruins of Ahn'Qiraj,Moam,Gauntlets of Southwind,rare,21469,https://classic.wowhead.com/item=21469
Ruins of Ahn'Qiraj,Moam,Gauntlets of the Immovable,epic,21479,https://classic.wowhead.com/item=21479
Ruins of Ahn'Qiraj,Moam,Legplates of the Destroyer,rare,21475,https://classic.wowhead.com/item=21475
Ruins of Ahn'Qiraj,Moam,Mantle of Maz'Nadir,rare,21468,https://classic.wowhead.com/item=21468
Ruins of Ahn'Qiraj,Moam,Obsidian Scaled Leggings,rare,21476,https://classic.wowhead.com/item=21476
Ruins of Ahn'Qiraj,Moam,Plans: Black Grasp of the Destroyer,rare,22220,https://classic.wowhead.com/item=22220
Ruins of Ahn'Qiraj,Moam,Ring of Fury,rare,21477,https://classic.wowhead.com/item=21477
Ruins of Ahn'Qiraj,Moam,Southwind Helm,rare,21455,https://classic.wowhead.com/item=21455
Ruins of Ahn'Qiraj,Moam,Talon of Furious Concentration,epic,21471,https://classic.wowhead.com/item=21471
Ruins of Ahn'Qiraj,Moam,Thick Silithid Chestguard,epic,21467,https://classic.wowhead.com/item=21467
Ruins of Ahn'Qiraj,Buru,Buru's Skull Fragment,epic,21485,https://classic.wowhead.com/item=21485
Ruins of Ahn'Qiraj,Buru,Fetish of Chitinous Spikes,rare,21488,https://classic.wowhead.com/item=21488
Ruins of Ahn'Qiraj,Buru,Gloves of the Swarm,epic,21486,https://classic.wowhead.com/item=21486
Ruins of Ahn'Qiraj,Buru,Quicksand Waders,rare,21489,https://classic.wowhead.com/item=21489
Ruins of Ahn'Qiraj,Buru,Scaled Bracers of the Gorger,rare,21491,https://classic.wowhead.com/item=21491
Ruins of Ahn'Qiraj,Buru,Slime Kickers,rare,21490,https://classic.wowhead.com/item=21490
Ruins of Ahn'Qiraj,Buru,Slimy Scaled Gauntlets,epic,21487,https://classic.wowhead.com/item=21487
Ruins of Ahn'Qiraj,Ayamiss,Boots of the Desert Protector,rare,21481,https://classic.wowhead.com/item=21481
Ruins of Ahn'Qiraj,Ayamiss,Boots of the Fiery Sands,rare,21482,https://classic.wowhead.com/item=21482
Ruins of Ahn'Qiraj,Ayamiss,Bow of Taut Sinew,epic,21478,https://classic.wowhead.com/item=21478
Ruins of Ahn'Qiraj,Ayamiss,Gauntlets of the Immovable,epic,21479,https://classic.wowhead.com/item=21479
Ruins of Ahn'Qiraj,Ayamiss,Helm of Regrowth,rare,21484,https://classic.wowhead.com/item=21484
Ruins of Ahn'Qiraj,Ayamiss,Ring of the Desert Winds,rare,21483,https://classic.wowhead.com/item=21483
Ruins of Ahn'Qiraj,Ayamiss,Scaled Silithid Gauntlets,rare,21480,https://classic.wowhead.com/item=21480
Ruins of Ahn'Qiraj,Ayamiss,Stinger of Ayamiss,epic,21466,https://classic.wowhead.com/item=21466
Ruins of Ahn'Qiraj,Ossirian,Bracers of Brutality,epic,21457,https://classic.wowhead.com/item=21457
Ruins of Ahn'Qiraj,Ossirian,Crossbow of Imminent Doom,epic,21459,https://classic.wowhead.com/item=21459
Ruins of Ahn'Qiraj,Ossirian,Gauntlets of New Life,epic,21458,https://classic.wowhead.com/item=21458
Ruins of Ahn'Qiraj,Ossirian,Gloves of Dark Wisdom,epic,21462,https://classic.wowhead.com/item=21462
Ruins of Ahn'Qiraj,Ossirian,Head of Ossirian the Unscarred,epic,21220,https://classic.wowhead.com/item=21220
Ruins of Ahn'Qiraj,Ossirian,Helm of Domination,epic,21460,https://classic.wowhead.com/item=21460
Ruins of Ahn'Qiraj,Ossirian,Leggings of the Black Blizzard,epic,21461,https://classic.wowhead.com/item=21461
Ruins of Ahn'Qiraj,Ossirian,Mantle of the Horusath,epic,21453,https://classic.wowhead.com/item=21453
Ruins of Ahn'Qiraj,Ossirian,Ossirian's Binding,epic,21463,https://classic.wowhead.com/item=21463
Ruins of Ahn'Qiraj,Ossirian,Runic Stone Shoulders,epic,21454,https://classic.wowhead.com/item=21454
Ruins of Ahn'Qiraj,Ossirian,Sand Polished Hammer,epic,21715,https://classic.wowhead.com/item=21715
Ruins of Ahn'Qiraj,Ossirian,Sandstorm Cloak,epic,21456,https://classic.wowhead.com/item=21456
Ruins of Ahn'Qiraj,Ossirian,Shackles of the Unscarred,epic,21464,https://classic.wowhead.com/item=21464
Ruins of Ahn'Qiraj,Ossirian,Staff of the Ruins,epic,21452,https://classic.wowhead.com/item=21452
Zul'Gurub,Tokens,Primal Hakkari Aegis,epic,19724,https://classic.wowhead.com/item=19724
Zul'Gurub,Tokens,Primal Hakkari Armsplint,epic,19717,https://classic.wowhead.com/item=19717
Zul'Gurub,Tokens,Primal Hakkari Bindings,epic,19716,https://classic.wowhead.com/item=19716
Zul'Gurub,Tokens,Primal Hakkari Girdle,epic,19719,https://classic.wowhead.com/item=19719
Zul'Gurub,Tokens,Primal Hakkari Idol,rare,22637,https://classic.wowhead.com/item=22637
Zul'Gurub,Tokens,Primal Hakkari Kossack,epic,19723,https://classic.wowhead.com/item=19723
Zul'Gurub,Tokens,Primal Hakkari Sash,epic,19720,https://classic.wowhead.com/item=19720
Zul'Gurub,Tokens,Primal Hakkari Shawl,epic,19721,https://classic.wowhead.com/item=19721
Zul'Gurub,Tokens,Primal Hakkari Stanchion,epic,19718,https://classic.wowhead.com/item=19718
Zul'Gurub,Tokens,Primal Hakkari Tabard,epic,19722,https://classic.wowhead.com/item=19722
Zul'Gurub,Trash,Gurubashi Helm,rare,20263,https://classic.wowhead.com/item=20263
Zul'Gurub,Trash,Sceptre of Smiting,rare,19908,https://classic.wowhead.com/item=19908
Zul'Gurub,Trash,Shadow Panther Hide Belt,rare,20261,https://classic.wowhead.com/item=20261
Zul'Gurub,Trash,Shadow Panther Hide Gloves,rare,20259,https://classic.wowhead.com/item=20259
Zul'Gurub,Trash,Zulian Ceremonial Staff,rare,20258,https://classic.wowhead.com/item=20258
Zul'Gurub,Trash,Zulian Hacker,rare,19921,https://classic.wowhead.com/item=19921
Zul'Gurub,Shared,Band of Servitude,epic,22721,https://classic.wowhead.com/item=22721
Zul'Gurub,Shared,Belt of Untapped Power,rare,22716,https://classic.wowhead.com/item=22716
Zul'Gurub,Shared,Blooddrenched Mask,rare,22718,https://classic.wowhead.com/item=22718
Zul'Gurub,Shared,Cloak of the Hakkari Worshipers,rare,22711,https://classic.wowhead.com/item=22711
Zul'Gurub,Shared,Gloves of the Tormented,rare,22715,https://classic.wowhead.com/item=22715
Zul'Gurub,Shared,Might of the Tribe,rare,22712,https://classic.wowhead.com/item=22712
Zul'Gurub,Shared,Sacrificial Gauntlets,rare,22714,https://classic.wowhead.com/item=22714
Zul'Gurub,Shared,Seal of the Gurubashi Berserker,epic,22722,https://classic.wowhead.com/item=22722
Zul'Gurub,Shared,Zulian Headdress,rare,22720,https://classic.wowhead.com/item=22720
Zul'Gurub,Shared,Zulian Scepter of Rites,rare,22713,https://classic.wowhead.com/item=22713
Zul'Gurub,Jeklik,Animist's Spaulders,rare,19928,https://classic.wowhead.com/item=19928
Zul'Gurub,Jeklik,Jeklik's Crusher,epic,19918,https://classic.wowhead.com/item=19918
Zul'Gurub,Jeklik,Jeklik's Opaline Talisman,rare,19923,https://classic.wowhead.com/item=19923
Zul'Gurub,Jeklik,Peacekeeper Boots,rare,20265,https://classic.wowhead.com/item=20265
Zul'Gurub,Jeklik,Primalist's Band,rare,19920,https://classic.wowhead.com/item=19920
Zul'Gurub,Jeklik,Seafury Boots,rare,20262,https://classic.wowhead.com/item=20262
Zul'Gurub,Jeklik,Zulian Defender,rare,19915,https://classic.wowhead.com/item=19915
Zul'Gurub,Venoxis,Blooddrenched Footpads,rare,19906,https://classic.wowhead.com/item=19906
Zul'Gurub,Venoxis,Fang of Venoxis,epic,19903,https://classic.wowhead.com/item=19903
Zul'Gurub,Venoxis,Runed Bloodstained Hauberk,epic,19904,https://classic.wowhead.com/item=19904
Zul'Gurub,Venoxis,Zanzil's Band,rare,19905,https://classic.wowhead.com/item=19905
Zul'Gurub,Venoxis,Zulian Stone Axe,rare,19900,https://classic.wowhead.com/item=19900
Zul'Gurub,Venoxis,Zulian Tigerhide Cloak,rare,19907,https://classic.wowhead.com/item=19907
Zul'Gurub,Mar'li,Band of Jin,rare,19925,https://classic.wowhead.com/item=19925
Zul'Gurub,Mar'li,Bloodstained Greaves,rare,19919,https://classic.wowhead.com/item=19919
Zul'Gurub,Mar'li,Flowing Ritual Robes,epic,20032,https://classic.wowhead.com/item=20032
Zul'Gurub,Mar'li,Mar'li's Eye,rare,19930,https://classic.wowhead.com/item=19930
Zul'Gurub,Mar'li,Mar'li's Touch,epic,19927,https://classic.wowhead.com/item=19927
Zul'Gurub,Mar'li,Talisman of Protection,rare,19871,https://classic.wowhead.com/item=19871
Zul'Gurub,Bloodlord,Animist's Leggings,rare,19877,https://classic.wowhead.com/item=19877
Zul'Gurub,Bloodlord,Blooddrenched Grips,rare,19869,https://classic.wowhead.com/item=19869
Zul'Gurub,Bloodlord,Bloodlord's Defender,epic,19867,https://classic.wowhead.com/item=19867
Zul'Gurub,Bloodlord,Bloodsoaked Pauldrons,rare,19878,https://classic.wowhead.com/item=19878
Zul'Gurub,Bloodlord,Bloodtinged Kilt,rare,19895,https://classic.wowhead.com/item=19895
Zul'Gurub,Bloodlord,Hakkari Loa Cloak,rare,19870,https://classic.wowhead.com/item=19870
Zul'Gurub,Bloodlord,Halberd of Smiting,epic,19874,https://classic.wowhead.com/item=19874
Zul'Gurub,Bloodlord,Mandokir's Sting,epic,20038,https://classic.wowhead.com/item=20038
Zul'Gurub,Bloodlord,Overlord's Crimson Band,rare,19873,https://classic.wowhead.com/item=19873
Zul'Gurub,Bloodlord,Primalist's Seal,rare,19863,https://classic.wowhead.com/item=19863
Zul'Gurub,Bloodlord,Swift Razzashi Raptor,epic,19872,https://classic.wowhead.com/item=19872
Zul'Gurub,Bloodlord,Warblade of the Hakkari,epic,19866,https://classic.wowhead.com/item=19866
Zul'Gurub,Bloodlord,Zanzil's Seal,rare,19893,https://classic.wowhead.com/item=19893
Zul'Gurub,Edge of Madness,Fiery Retributer,rare,19968,https://classic.wowhead.com/item=19968
Zul'Gurub,Edge of Madness,Gri'lek's Blood,common,19939,https://classic.wowhead.com/item=19939
Zul'Gurub,Edge of Madness,Gri'lek's Carver,rare,19962,https://classic.wowhead.com/item=19962
Zul'Gurub,Edge of Madness,Gri'lek's Grinder,rare,19961,https://classic.wowhead.com/item=19961
Zul'Gurub,Edge of Madness,Hazza'rah's Dream Thread,common,19942,https://classic.wowhead.com/item=19942
Zul'Gurub,Edge of Madness,Hoodoo Hunting Bow,rare,19993,https://classic.wowhead.com/item=19993
Zul'Gurub,Edge of Madness,Pitchfork of Madness,rare,19963,https://classic.wowhead.com/item=19963
Zul'Gurub,Edge of Madness,Renataki's Soul Conduit,rare,19964,https://classic.wowhead.com/item=19964
Zul'Gurub,Edge of Madness,Renataki's Tooth,common,19940,https://classic.wowhead.com/item=19940
Zul'Gurub,Edge of Madness,Thoughtblighter,rare,19967,https://classic.wowhead.com/item=19967
Zul'Gurub,Edge of Madness,Wushoolay's Mane,common,19941,https://classic.wowhead.com/item=19941
Zul'Gurub,Edge of Madness,Wushoolay's Poker,rare,19965,https://classic.wowhead.com/item=19965
Zul'Gurub,Thekal,Betrayer's Boots,epic,19897,https://classic.wowhead.com/item=19897
Zul'Gurub,Thekal,Peacekeeper Leggings,rare,20266,https://classic.wowhead.com/item=20266
Zul'Gurub,Thekal,Ritualistic Legguards,rare,19899,https://classic.wowhead.com/item=19899
Zul'Gurub,Thekal,Seafury Leggings,rare,20260,https://classic.wowhead.com/item=20260
Zul'Gurub,Thekal,Seal of Jin,rare,19898,https://classic.wowhead.com/item=19898
Zul'Gurub,Thekal,Swift Zulian Tiger,epic,19902,https://classic.wowhead.com/item=19902
Zul'Gurub,Thekal,Thekal's Grasp,epic,19896,https://classic.wowhead.com/item=19896
Zul'Gurub,Thekal,Zulian Slicer,rare,19901,https://classic.wowhead.com/item=19901
Zul'Gurub,Gahz'ranka,Foror's Eyepatch,epic,19945,https://classic.wowhead.com/item=19945
Zul'Gurub,Gahz'ranka,Nat Pagle's Broken Reel,rare,19947,https://classic.wowhead.com/item=19947
Zul'Gurub,Gahz'ranka,Nat Pagle's Fish Terminator,epic,19944,https://classic.wowhead.com/item=19944
Zul'Gurub,Gahz'ranka,Tigule's Harpoon,rare,19946,https://classic.wowhead.com/item=19946
Zul'Gurub,Gahz'ranka,Tome of Polymorph: Turtle,rare,22739,https://classic.wowhead.com/item=22739
Zul'Gurub,Arlokk,Arlokk's Grasp,epic,19910,https://classic.wowhead.com/item=19910
Zul'Gurub,Arlokk,Arlokk's Hoodoo Stick,rare,19922,https://classic.wowhead.com/item=19922
Zul'Gurub,Arlokk,Bloodsoaked Greaves,rare,19913,https://classic.wowhead.com/item=19913
Zul'Gurub,Arlokk,Overlord's Onyx Band,rare,19912,https://classic.wowhead.com/item=19912
Zul'Gurub,Arlokk,Panther Hide Sack,rare,19914,https://classic.wowhead.com/item=19914
Zul'Gurub,Arlokk,Will of Arlokk,epic,19909,https://classic.wowhead.com/item=19909
Zul'Gurub,Jin'do,Animist's Boots,rare,19892,https://classic.wowhead.com/item=19892
Zul'Gurub,Jin'do,Blooddrenched Leggings,rare,19889,https://classic.wowhead.com/item=19889
Zul'Gurub,Jin'do,Bloodsoaked Gauntlets,rare,19894,https://classic.wowhead.com/item=19894
Zul'Gurub,Jin'do,Bloodstained Coif,rare,19875,https://classic.wowhead.com/item=19875
Zul'Gurub,Jin'do,Bloodstained Legplates,rare,19887,https://classic.wowhead.com/item=19887
Zul'Gurub,Jin'do,Bloodtinged Gloves,rare,19929,https://classic.wowhead.com/item=19929
Zul'Gurub,Jin'do,Jin'do's Bag of Whammies,epic,19891,https://classic.wowhead.com/item=19891
Zul'Gurub,Jin'do,Jin'do's Evil Eye,epic,19885,https://classic.wowhead.com/item=19885
Zul'Gurub,Jin'do,Jin'do's Hexxer,epic,19890,https://classic.wowhead.com/item=19890
Zul'Gurub,Jin'do,Jin'do's Judgement,epic,19884,https://classic.wowhead.com/item=19884
Zul'Gurub,Jin'do,Overlord's Embrace,rare,19888,https://classic.wowhead.com/item=19888
Zul'Gurub,Jin'do,The Hexxer's Cover,rare,19886,https://classic.wowhead.com/item=19886
Zul'Gurub,Hakkar,Aegis of the Blood God,epic,19862,https://classic.wowhead.com/item=19862
Zul'Gurub,Hakkar,Ancient Hakkari Manslayer,epic,19852,https://classic.wowhead.com/item=19852
Zul'Gurub,Hakkar,Bloodcaller,epic,19864,https://classic.wowhead.com/item=19864
Zul'Gurub,Hakkar,Bloodsoaked Legplates,epic,19855,https://classic.wowhead.com/item=19855
Zul'Gurub,Hakkar,Cloak of Consumption,epic,19857,https://classic.wowhead.com/item=19857
Zul'Gurub,Hakkar,Fang of the Faceless,epic,19859,https://classic.wowhead.com/item=19859
Zul'Gurub,Hakkar,Gurubashi Dwarf Destroyer,epic,19853,https://classic.wowhead.com/item=19853
Zul'Gurub,Hakkar,Heart of Hakkar,epic,19802,https://classic.wowhead.com/item=19802
Zul'Gurub,Hakkar,Peacekeeper Gauntlets,epic,20264,https://classic.wowhead.com/item=20264
Zul'Gurub,Hakkar,Seafury Gauntlets,epic,20257,https://classic.wowhead.com/item=20257
Zul'Gurub,Hakkar,Soul Corrupter's Necklace,epic,19876,https://classic.wowhead.com/item=19876
Zul'Gurub,Hakkar,The Eye of Hakkar,epic,19856,https://classic.wowhead.com/item=19856
Zul'Gurub,Hakkar,Touch of Chaos,epic,19861,https://classic.wowhead.com/item=19861
Zul'Gurub,Hakkar,Warblade of the Hakkari,epic,19865,https://classic.wowhead.com/item=19865
Zul'Gurub,Hakkar,"Zin'rokh, Destroyer of Worlds",epic,19854,https://classic.wowhead.com/item=19854
Blackwing Lair,Trash,Band of Dark Dominion,epic,19434,https://classic.wowhead.com/item=19434
Blackwing Lair,Trash,Boots of Pure Thought,epic,19437,https://classic.wowhead.com/item=19437
Blackwing Lair,Trash,Cloak of Draconic Might,epic,19436,https://classic.wowhead.com/item=19436
Blackwing Lair,Trash,Doom's Edge,epic,19362,https://classic.wowhead.com/item=19362
Blackwing Lair,Trash,Draconic Avenger,epic,19354,https://classic.wowhead.com/item=19354
Blackwing Lair,Trash,Draconic Maul,epic,19358,https://classic.wowhead.com/item=19358
Blackwing Lair,Trash,Essence Gatherer,epic,19435,https://classic.wowhead.com/item=19435
Blackwing Lair,Trash,Interlaced Shadow Jerkin,epic,19439,https://classic.wowhead.com/item=19439
Blackwing Lair,Trash,Ringo's Blizzard Boots,epic,19438,https://classic.wowhead.com/item=19438
Blackwing Lair,Razorgore,Arcane Infused Gem,epic,19336,https://classic.wowhead.com/item=19336
Blackwing Lair,Razorgore,Bindings of Transcendence,epic,16926,https://classic.wowhead.com/item=16926
Blackwing Lair,Razorgore,Bloodfang Bracers,epic,16911,https://classic.wowhead.com/item=16911
Blackwing Lair,Razorgore,Bracelets of Wrath,epic,16959,https://classic.wowhead.com/item=16959
Blackwing Lair,Razorgore,Bracers of Ten Storms,epic,16943,https://classic.wowhead.com/item=16943
Blackwing Lair,Razorgore,Dragonstalker's Bracers,epic,16935,https://classic.wowhead.com/item=16935
Blackwing Lair,Razorgore,Gloves of Rapid Evolution,epic,19369,https://classic.wowhead.com/item=19369
Blackwing Lair,Razorgore,Judgement Bindings,epic,16951,https://classic.wowhead.com/item=16951
Blackwing Lair,Razorgore,Mantle of the Blackwing Cabal,epic,19370,https://classic.wowhead.com/item=19370
Blackwing Lair,Razorgore,Nemesis Bracers,epic,16934,https://classic.wowhead.com/item=16934
Blackwing Lair,Razorgore,Netherwind Bindings,epic,16918,https://classic.wowhead.com/item=16918
Blackwing Lair,Razorgore,Spineshatter,epic,19335,https://classic.wowhead.com/item=19335
Blackwing Lair,Razorgore,Stormrage Bracers,epic,16904,https://classic.wowhead.com/item=16904
Blackwing Lair,Razorgore,The Black Book,epic,19337,https://classic.wowhead.com/item=19337
Blackwing Lair,Razorgore,The Untamed Blade,epic,19334,https://classic.wowhead.com/item=19334
Blackwing Lair,Vaelastrasz,Belt of Ten Storms,epic,16944,https://classic.wowhead.com/item=16944
Blackwing Lair,Vaelastrasz,Belt of Transcendence,epic,16925,https://classic.wowhead.com/item=16925
Blackwing Lair,Vaelastrasz,Bloodfang Belt,epic,16910,https://classic.wowhead.com/item=16910
Blackwing Lair,Vaelastrasz,Dragonfang Blade,epic,19346,https://classic.wowhead.com/item=19346
Blackwing Lair,Vaelastrasz,Dragonstalker's Belt,epic,16936,https://classic.wowhead.com/item=16936
Blackwing Lair,Vaelastrasz,Helm of Endless Rage,epic,19372,https://classic.wowhead.com/item=19372
Blackwing Lair,Vaelastrasz,Judgement Belt,epic,16952,https://classic.wowhead.com/item=16952
Blackwing Lair,Vaelastrasz,Mind Quickening Gem,epic,19339,https://classic.wowhead.com/item=19339
Blackwing Lair,Vaelastrasz,Nemesis Belt,epic,16933,https://classic.wowhead.com/item=16933
Blackwing Lair,Vaelastrasz,Netherwind Belt,epic,16818,https://classic.wowhead.com/item=16818
Blackwing Lair,Vaelastrasz,Pendant of the Fallen Dragon,epic,19371,https://classic.wowhead.com/item=19371
Blackwing Lair,Vaelastrasz,Red Dragonscale Protector,epic,19348,https://classic.wowhead.com/item=19348
Blackwing Lair,Vaelastrasz,Rune of Metamorphosis,epic,19340,https://classic.wowhead.com/item=19340
Blackwing Lair,Vaelastrasz,Stormrage Belt,epic,16903,https://classic.wowhead.com/item=16903
Blackwing Lair,Vaelastrasz,Waistband of Wrath,epic,16960,https://classic.wowhead.com/item=16960
Blackwing Lair,Broodlord,Black Brood Pauldrons,epic,19373,https://classic.wowhead.com/item=19373
Blackwing Lair,Broodlord,Bloodfang Boots,epic,16906,https://classic.wowhead.com/item=16906
Blackwing Lair,Broodlord,Boots of Transcendence,epic,16919,https://classic.wowhead.com/item=16919
Blackwing Lair,Broodlord,Bracers of Arcane Accuracy,epic,19374,https://classic.wowhead.com/item=19374
Blackwing Lair,Broodlord,Dragonstalker's Greaves,epic,16941,https://classic.wowhead.com/item=16941
Blackwing Lair,Broodlord,Greaves of Ten Storms,epic,16949,https://classic.wowhead.com/item=16949
Blackwing Lair,Broodlord,Heartstriker,epic,19350,https://classic.wowhead.com/item=19350
Blackwing Lair,Broodlord,Judgement Sabatons,epic,16957,https://classic.wowhead.com/item=16957
Blackwing Lair,Broodlord,Lifegiving Gem,epic,19341,https://classic.wowhead.com/item=19341
Blackwing Lair,Broodlord,"Maladath, Runed Blade of the Black Flight",epic,19351,https://classic.wowhead.com/item=19351
Blackwing Lair,Broodlord,Nemesis Boots,epic,16927,https://classic.wowhead.com/item=16927
Blackwing Lair,Broodlord,Netherwind Boots,epic,16912,https://classic.wowhead.com/item=16912
Blackwing Lair,Broodlord,Sabatons of Wrath,epic,16965,https://classic.wowhead.com/item=16965
Blackwing Lair,Broodlord,Stormrage Boots,epic,16898,https://classic.wowhead.com/item=16898
Blackwing Lair,Broodlord,Venomous Totem,epic,19342,https://classic.wowhead.com/item=19342
Blackwing Lair,Broodlord,Head of the Broodlord Lashlayer,epic,20383,https://classic.wowhead.com/item=20383
Blackwing Lair,Firemaw,Black Ash Robe,epic,19399,https://classic.wowhead.com/item=19399
Blackwing Lair,Firemaw,Claw of the Black Drake,epic,19365,https://classic.wowhead.com/item=19365
Blackwing Lair,Firemaw,Cloak of Firemaw,epic,19398,https://classic.wowhead.com/item=19398
Blackwing Lair,Firemaw,Firemaw's Clutch,epic,19400,https://classic.wowhead.com/item=19400
Blackwing Lair,Firemaw,Legguards of the Fallen Crusader,epic,19402,https://classic.wowhead.com/item=19402
Blackwing Lair,Firemaw,Natural Alignment Crystal,epic,19344,https://classic.wowhead.com/item=19344
Blackwing Lair,Firemaw,Primalist's Linked Legguards,epic,19401,https://classic.wowhead.com/item=19401
Blackwing Lair,Firemaw,Scrolls of Blinding Light,epic,19343,https://classic.wowhead.com/item=19343
Blackwing Lair,Ebonroc,Aegis of Preservation,epic,19345,https://classic.wowhead.com/item=19345
Blackwing Lair,Ebonroc,Band of Forced Concentration,epic,19403,https://classic.wowhead.com/item=19403
Blackwing Lair,Ebonroc,Dragonbreath Hand Cannon,epic,19368,https://classic.wowhead.com/item=19368
Blackwing Lair,Ebonroc,Drake Fang Talisman,epic,19406,https://classic.wowhead.com/item=19406
Blackwing Lair,Ebonroc,Ebony Flame Gloves,epic,19407,https://classic.wowhead.com/item=19407
Blackwing Lair,Ebonroc,Malfurion's Blessed Bulwark,epic,19405,https://classic.wowhead.com/item=19405
Blackwing Lair,Flamegor,Circle of Applied Force,epic,19432,https://classic.wowhead.com/item=19432
Blackwing Lair,Flamegor,Dragon's Touch,epic,19367,https://classic.wowhead.com/item=19367
Blackwing Lair,Flamegor,Emberweave Leggings,epic,19433,https://classic.wowhead.com/item=19433
Blackwing Lair,Flamegor,Herald of Woe,epic,19357,https://classic.wowhead.com/item=19357
Blackwing Lair,Flamegor,Shroud of Pure Thought,epic,19430,https://classic.wowhead.com/item=19430
Blackwing Lair,Flamegor,Styleen's Impeding Scarab,epic,19431,https://classic.wowhead.com/item=19431
Blackwing Lair,Drake Shared Loot,Bloodfang Gloves,epic,16907,https://classic.wowhead.com/item=16907
Blackwing Lair,Drake Shared Loot,Dragonstalker's Gauntlets,epic,16940,https://classic.wowhead.com/item=16940
Blackwing Lair,Drake Shared Loot,Drake Talon Cleaver,epic,19353,https://classic.wowhead.com/item=19353
Blackwing Lair,Drake Shared Loot,Drake Talon Pauldrons,epic,19394,https://classic.wowhead.com/item=19394
Blackwing Lair,Drake Shared Loot,Gauntlets of Ten Storms,epic,16948,https://classic.wowhead.com/item=16948
Blackwing Lair,Drake Shared Loot,Gauntlets of Wrath,epic,16964,https://classic.wowhead.com/item=16964
Blackwing Lair,Drake Shared Loot,Handguards of Transcendence,epic,16920,https://classic.wowhead.com/item=16920
Blackwing Lair,Drake Shared Loot,Judgement Gauntlets,epic,16956,https://classic.wowhead.com/item=16956
Blackwing Lair,Drake Shared Loot,Nemesis Gloves,epic,16928,https://classic.wowhead.com/item=16928
Blackwing Lair,Drake Shared Loot,Netherwind Gloves,epic,16913,https://classic.wowhead.com/item=16913
Blackwing Lair,Drake Shared Loot,Rejuvenating Gem,epic,19395,https://classic.wowhead.com/item=19395
Blackwing Lair,Drake Shared Loot,Ring of Blackrock,epic,19397,https://classic.wowhead.com/item=19397
Blackwing Lair,Drake Shared Loot,Shadow Wing Focus Staff,epic,19355,https://classic.wowhead.com/item=19355
Blackwing Lair,Drake Shared Loot,Stormrage Handguards,epic,16899,https://classic.wowhead.com/item=16899
Blackwing Lair,Drake Shared Loot,Taut Dragonhide Belt,epic,19396,https://classic.wowhead.com/item=19396
Blackwing Lair,Chromaggus,Angelista's Grasp,epic,19388,https://classic.wowhead.com/item=19388
Blackwing Lair,Chromaggus,"Ashjre'thul, Crossbow of Smiting",epic,19361,https://classic.wowhead.com/item=19361
Blackwing Lair,Chromaggus,Bloodfang Spaulders,epic,16832,https://classic.wowhead.com/item=16832
Blackwing Lair,Chromaggus,Chromatic Boots,epic,19387,https://classic.wowhead.com/item=19387
Blackwing Lair,Chromaggus,Chromatically Tempered Sword,epic,19352,https://classic.wowhead.com/item=19352
Blackwing Lair,Chromaggus,Claw of Chromaggus,epic,19347,https://classic.wowhead.com/item=19347
Blackwing Lair,Chromaggus,Dragonstalker's Spaulders,epic,16937,https://classic.wowhead.com/item=16937
Blackwing Lair,Chromaggus,Elementium Reinforced Bulwark,epic,19349,https://classic.wowhead.com/item=19349
Blackwing Lair,Chromaggus,Elementium Threaded Cloak,epic,19386,https://classic.wowhead.com/item=19386
Blackwing Lair,Chromaggus,Empowered Leggings,epic,19385,https://classic.wowhead.com/item=19385
Blackwing Lair,Chromaggus,Epaulets of Ten Storms,epic,16945,https://classic.wowhead.com/item=16945
Blackwing Lair,Chromaggus,Girdle of the Fallen Crusader,epic,19392,https://classic.wowhead.com/item=19392
Blackwing Lair,Chromaggus,Judgement Spaulders,epic,16953,https://classic.wowhead.com/item=16953
Blackwing Lair,Chromaggus,Nemesis Spaulders,epic,16932,https://classic.wowhead.com/item=16932
Blackwing Lair,Chromaggus,Netherwind Mantle,epic,16917,https://classic.wowhead.com/item=16917
Blackwing Lair,Chromaggus,Pauldrons of Transcendence,epic,16924,https://classic.wowhead.com/item=16924
Blackwing Lair,Chromaggus,Pauldrons of Wrath,epic,16961,https://classic.wowhead.com/item=16961
Blackwing Lair,Chromaggus,Primalist's Linked Waistguard,epic,19393,https://classic.wowhead.com/item=19393
Blackwing Lair,Chromaggus,Shimmering Geta,epic,19391,https://classic.wowhead.com/item=19391
Blackwing Lair,Chromaggus,Stormrage Pauldrons,epic,16902,https://classic.wowhead.com/item=16902
Blackwing Lair,Chromaggus,Taut Dragonhide Gloves,epic,19390,https://classic.wowhead.com/item=19390
Blackwing Lair,Chromaggus,Taut Dragonhide Shoulderpads,epic,19389,https://classic.wowhead.com/item=19389
Blackwing Lair,Nefarian,Archimtiros' Ring of Reckoning,epic,19376,https://classic.wowhead.com/item=19376
Blackwing Lair,Nefarian,"Ashkandi, Greatsword of the Brotherhood",epic,19364,https://classic.wowhead.com/item=19364
Blackwing Lair,Nefarian,Bloodfang Chestpiece,epic,16905,https://classic.wowhead.com/item=16905
Blackwing Lair,Nefarian,Boots of the Shadow Flame,epic,19381,https://classic.wowhead.com/item=19381
Blackwing Lair,Nefarian,Breastplate of Ten Storms,epic,16950,https://classic.wowhead.com/item=16950
Blackwing Lair,Nefarian,Breastplate of Wrath,epic,16966,https://classic.wowhead.com/item=16966
Blackwing Lair,Nefarian,Cloak of the Brood Lord,epic,19378,https://classic.wowhead.com/item=19378
Blackwing Lair,Nefarian,"Crul'shorukh, Edge of Chaos",epic,19363,https://classic.wowhead.com/item=19363
Blackwing Lair,Nefarian,Dragonstalker's Breastplate,epic,16942,https://classic.wowhead.com/item=16942
Blackwing Lair,Nefarian,Head of Nefarian (Horde),epic,19002,https://classic.wowhead.com/item=19002
Blackwing Lair,Nefarian,Judgement Breastplate,epic,16958,https://classic.wowhead.com/item=16958
Blackwing Lair,Nefarian,Lok'amir il Romathis,epic,19360,https://classic.wowhead.com/item=19360
Blackwing Lair,Nefarian,"Mish'undare, Circlet of the Mind Flayer",epic,19375,https://classic.wowhead.com/item=19375
Blackwing Lair,Nefarian,Neltharion's Tear,epic,19379,https://classic.wowhead.com/item=19379
Blackwing Lair,Nefarian,Nemesis Robes,epic,16931,https://classic.wowhead.com/item=16931
Blackwing Lair,Nefarian,Netherwind Robes,epic,16916,https://classic.wowhead.com/item=16916
Blackwing Lair,Nefarian,Prestor's Talisman of Connivery,epic,19377,https://classic.wowhead.com/item=19377
Blackwing Lair,Nefarian,Pure Elementium Band,epic,19382,https://classic.wowhead.com/item=19382
Blackwing Lair,Nefarian,Robes of Transcendence,epic,16923,https://classic.wowhead.com/item=16923
Blackwing Lair,Nefarian,Staff of the Shadow Flame,epic,19356,https://classic.wowhead.com/item=19356
Blackwing Lair,Nefarian,Stormrage Chestguard,epic,16897,https://classic.wowhead.com/item=16897
Blackwing Lair,Nefarian,Therazane's Link,epic,19380,https://classic.wowhead.com/item=19380
Onyxia's Lair,Onyxia,Ancient Cornerstone Grimoire,epic,17067,https://classic.wowhead.com/item=17067
Onyxia's Lair,Onyxia,Bloodfang Hood,epic,16908,https://classic.wowhead.com/item=16908
Onyxia's Lair,Onyxia,Deathbringer,epic,17068,https://classic.wowhead.com/item=17068
Onyxia's Lair,Onyxia,Dragonstalker's Helm,epic,16939,https://classic.wowhead.com/item=16939
Onyxia's Lair,Onyxia,Eskhandar's Collar,epic,18205,https://classic.wowhead.com/item=18205
Onyxia's Lair,Onyxia,Halo of Transcendence,epic,16921,https://classic.wowhead.com/item=16921
Onyxia's Lair,Onyxia,Head of Onyxia (Horde),epic,18422,https://classic.wowhead.com/item=18422
Onyxia's Lair,Onyxia,Helm of Wrath,epic,16963,https://classic.wowhead.com/item=16963
Onyxia's Lair,Onyxia,Helmet of Ten Storms,epic,16947,https://classic.wowhead.com/item=16947
Onyxia's Lair,Onyxia,Judgement Crown,epic,16955,https://classic.wowhead.com/item=16955
Onyxia's Lair,Onyxia,Mature Black Dragon Sinew,epic,18705,https://classic.wowhead.com/item=18705
Onyxia's Lair,Onyxia,Nemesis Skullcap,epic,16929,https://classic.wowhead.com/item=16929
Onyxia's Lair,Onyxia,Netherwind Crown,epic,16914,https://classic.wowhead.com/item=16914
Onyxia's Lair,Onyxia,Onyxia Hide Backpack,common,17966,https://classic.wowhead.com/item=17966
Onyxia's Lair,Onyxia,Ring of Binding,epic,18813,https://classic.wowhead.com/item=18813
Onyxia's Lair,Onyxia,Sapphiron Drape,epic,17078,https://classic.wowhead.com/item=17078
Onyxia's Lair,Onyxia,Shard of the Scale,epic,17064,https://classic.wowhead.com/item=17064
Onyxia's Lair,Onyxia,Stormrage Cover,epic,16900,https://classic.wowhead.com/item=16900
Onyxia's Lair,Onyxia,Vis'kag the Bloodletter,epic,17075,https://classic.wowhead.com/item=17075
Molten Core,Recipes,Formula: Enchant Weapon - Healing Power,rare,18260,https://classic.wowhead.com/item=18260
Molten Core,Recipes,Formula: Enchant Weapon - Spell Power,rare,18259,https://classic.wowhead.com/item=18259
Molten Core,Recipes,Pattern: Core Armor Kit,rare,18252,https://classic.wowhead.com/item=18252
Molten Core,Recipes,Pattern: Core Felcloth Bag,rare,21371,https://classic.wowhead.com/item=21371
Molten Core,Recipes,Pattern: Flarecore Wraps,rare,18265,https://classic.wowhead.com/item=18265
Molten Core,Recipes,Plans: Elemental Sharpening Stone,rare,18264,https://classic.wowhead.com/item=18264
Molten Core,Recipes,Recipe: Major Rejuvenation Potion,rare,18257,https://classic.wowhead.com/item=18257
Molten Core,Recipes,Schematic: Biznicks 247x128 Accurascope,rare,18290,https://classic.wowhead.com/item=18290
Molten Core,Recipes,Schematic: Core Marksman Rifle,rare,18292,https://classic.wowhead.com/item=18292
Molten Core,Recipes,Schematic: Force Reactive Disk,rare,18291,https://classic.wowhead.com/item=18291
Molten Core,Trash,Arcanist Belt,epic,16802,https://classic.wowhead.com/item=16802
Molten Core,Trash,Arcanist Bindings,epic,16799,https://classic.wowhead.com/item=16799
Molten Core,Trash,Belt of Might,epic,16864,https://classic.wowhead.com/item=16864
Molten Core,Trash,Bracers of Might,epic,16861,https://classic.wowhead.com/item=16861
Molten Core,Trash,Cenarion Belt,epic,16828,https://classic.wowhead.com/item=16828
Molten Core,Trash,Cenarion Bracers,epic,16830,https://classic.wowhead.com/item=16830
Molten Core,Trash,Earthfury Belt,epic,16838,https://classic.wowhead.com/item=16838
Molten Core,Trash,Earthfury Bracers,epic,16840,https://classic.wowhead.com/item=16840
Molten Core,Trash,Felheart Belt,epic,16806,https://classic.wowhead.com/item=16806
Molten Core,Trash,Felheart Bracers,epic,16804,https://classic.wowhead.com/item=16804
Molten Core,Trash,Giantstalker's Belt,epic,16851,https://classic.wowhead.com/item=16851
Molten Core,Trash,Giantstalker's Bracers,epic,16850,https://classic.wowhead.com/item=16850
Molten Core,Trash,Girdle of Prophecy,epic,16817,https://classic.wowhead.com/item=16817
Molten Core,Trash,Lawbringer Belt,epic,16858,https://classic.wowhead.com/item=16858
Molten Core,Trash,Lawbringer Bracers,epic,16857,https://classic.wowhead.com/item=16857
Molten Core,Trash,Nightslayer Belt,epic,16827,https://classic.wowhead.com/item=16827
Molten Core,Trash,Nightslayer Bracelets,epic,16825,https://classic.wowhead.com/item=16825
Molten Core,Trash,Vambraces of Prophecy,epic,16819,https://classic.wowhead.com/item=16819
Molten Core,Shared,Aged Core Leather Gloves,epic,18823,https://classic.wowhead.com/item=18823
Molten Core,Shared,Crimson Shocker,epic,17077,https://classic.wowhead.com/item=17077
Molten Core,Shared,Deep Earth Spaulders,epic,18829,https://classic.wowhead.com/item=18829
Molten Core,Shared,Fire Runed Grimoire,epic,19142,https://classic.wowhead.com/item=19142
Molten Core,Shared,Flameguard Gauntlets,epic,19143,https://classic.wowhead.com/item=19143
Molten Core,Shared,Flamewaker Legplates,epic,18861,https://classic.wowhead.com/item=18861
Molten Core,Shared,Heavy Dark Iron Ring,epic,18879,https://classic.wowhead.com/item=18879
Molten Core,Shared,Magma Tempered Boots,epic,18824,https://classic.wowhead.com/item=18824
Molten Core,Shared,Mana Igniting Cord,epic,19136,https://classic.wowhead.com/item=19136
Molten Core,Shared,Manastorm Leggings,epic,18872,https://classic.wowhead.com/item=18872
Molten Core,Shared,Obsidian Edged Blade,epic,18822,https://classic.wowhead.com/item=18822
Molten Core,Shared,Quick Strike Ring,epic,18821,https://classic.wowhead.com/item=18821
Molten Core,Shared,Ring of Spell Power,epic,19147,https://classic.wowhead.com/item=19147
Molten Core,Shared,Robe of Volatile Power,epic,19145,https://classic.wowhead.com/item=19145
Molten Core,Shared,Sabatons of the Flamewalker,epic,19144,https://classic.wowhead.com/item=19144
Molten Core,Shared,Salamander Scale Pants,epic,18875,https://classic.wowhead.com/item=18875
Molten Core,Shared,Sorcerous Dagger,epic,18878,https://classic.wowhead.com/item=18878
Molten Core,Shared,Talisman of Ephemeral Power,epic,18820,https://classic.wowhead.com/item=18820
Molten Core,Shared,Wristguards of Stability,epic,19146,https://classic.wowhead.com/item=19146
Molten Core,Lucifron,Arcanist Boots,epic,16800,https://classic.wowhead.com/item=16800
Molten Core,Lucifron,Cenarion Boots,epic,16829,https://classic.wowhead.com/item=16829
Molten Core,Lucifron,Choker of Enlightenment,epic,17109,https://classic.wowhead.com/item=17109
Molten Core,Lucifron,Earthfury Boots,epic,16837,https://classic.wowhead.com/item=16837
Molten Core,Lucifron,Felheart Gloves,epic,16805,https://classic.wowhead.com/item=16805
Molten Core,Lucifron,Gauntlets of Might,epic,16863,https://classic.wowhead.com/item=16863
Molten Core,Lucifron,Lawbringer Boots,epic,16859,https://classic.wowhead.com/item=16859
Molten Core,Lucifron,Tome of Tranquilizing Shot,common,16665,https://classic.wowhead.com/item=16665
Molten Core,Magmadar,Arcanist Leggings,epic,16796,https://classic.wowhead.com/item=16796
Molten Core,Magmadar,Cenarion Leggings,epic,16835,https://classic.wowhead.com/item=16835
Molten Core,Magmadar,Earthfury Legguards,epic,16843,https://classic.wowhead.com/item=16843
Molten Core,Magmadar,Earthshaker,epic,17073,https://classic.wowhead.com/item=17073
Molten Core,Magmadar,Eskhandar's Right Claw,epic,18203,https://classic.wowhead.com/item=18203
Molten Core,Magmadar,Felheart Pants,epic,16810,https://classic.wowhead.com/item=16810
Molten Core,Magmadar,Giantstalker's Leggings,epic,16847,https://classic.wowhead.com/item=16847
Molten Core,Magmadar,Lawbringer Legplates,epic,16855,https://classic.wowhead.com/item=16855
Molten Core,Magmadar,Legplates of Might,epic,16867,https://classic.wowhead.com/item=16867
Molten Core,Magmadar,Medallion of Steadfast Might,epic,17065,https://classic.wowhead.com/item=17065
Molten Core,Magmadar,Nightslayer Pants,epic,16822,https://classic.wowhead.com/item=16822
Molten Core,Magmadar,Pants of Prophecy,epic,16814,https://classic.wowhead.com/item=16814
Molten Core,Magmadar,Striker's Mark,epic,17069,https://classic.wowhead.com/item=17069
Molten Core,Gehennas,Earthfury Gauntlets,epic,16839,https://classic.wowhead.com/item=16839
Molten Core,Gehennas,Giantstalker's Boots,epic,16849,https://classic.wowhead.com/item=16849
Molten Core,Gehennas,Gloves of Prophecy,epic,16812,https://classic.wowhead.com/item=16812
Molten Core,Gehennas,Lawbringer Gauntlets,epic,16860,https://classic.wowhead.com/item=16860
Molten Core,Gehennas,Nightslayer Gloves,epic,16826,https://classic.wowhead.com/item=16826
Molten Core,Gehennas,Sabatons of Might,epic,16862,https://classic.wowhead.com/item=16862
Molten Core,Garr,Arcanist Crown,epic,16795,https://classic.wowhead.com/item=16795
Molten Core,Garr,Aurastone Hammer,epic,17105,https://classic.wowhead.com/item=17105
Molten Core,Garr,Bindings of the Windseeker (right),legendary,18564,https://classic.wowhead.com/item=18564
Molten Core,Garr,Brutality Blade,epic,18832,https://classic.wowhead.com/item=18832
Molten Core,Garr,Cenarion Helm,epic,16834,https://classic.wowhead.com/item=16834
Molten Core,Garr,Circlet of Prophecy,epic,16813,https://classic.wowhead.com/item=16813
Molten Core,Garr,Drillborer Disk,epic,17066,https://classic.wowhead.com/item=17066
Molten Core,Garr,Earthfury Helmet,epic,16842,https://classic.wowhead.com/item=16842
Molten Core,Garr,Felheart Horns,epic,16808,https://classic.wowhead.com/item=16808
Molten Core,Garr,Giantstalker's Helmet,epic,16846,https://classic.wowhead.com/item=16846
Molten Core,Garr,Gutgore Ripper,epic,17071,https://classic.wowhead.com/item=17071
Molten Core,Garr,Helm of Might,epic,16866,https://classic.wowhead.com/item=16866
Molten Core,Garr,Lawbringer Helm,epic,16854,https://classic.wowhead.com/item=16854
Molten Core,Garr,Nightslayer Cover,epic,16821,https://classic.wowhead.com/item=16821
Molten Core,Shazzrah,Arcanist Gloves,epic,16801,https://classic.wowhead.com/item=16801
Molten Core,Shazzrah,Boots of Prophecy,epic,16811,https://classic.wowhead.com/item=16811
Molten Core,Shazzrah,Cenarion Gloves,epic,16831,https://classic.wowhead.com/item=16831
Molten Core,Shazzrah,Felheart Slippers,epic,16803,https://classic.wowhead.com/item=16803
Molten Core,Shazzrah,Giantstalker's Gloves,epic,16852,https://classic.wowhead.com/item=16852
Molten Core,Shazzrah,Nightslayer Boots,epic,16824,https://classic.wowhead.com/item=16824
Molten Core,Baron Geddon,Arcanist Mantle,epic,16797,https://classic.wowhead.com/item=16797
Molten Core,Baron Geddon,Bindings of the Windseeker (left),legendary,18563,https://classic.wowhead.com/item=18563
Molten Core,Baron Geddon,Cenarion Spaulders,epic,16836,https://classic.wowhead.com/item=16836
Molten Core,Baron Geddon,Earthfury Epaulets,epic,16844,https://classic.wowhead.com/item=16844
Molten Core,Baron Geddon,Felheart Shoulder Pads,epic,16807,https://classic.wowhead.com/item=16807
Molten Core,Baron Geddon,Lawbringer Spaulders,epic,16856,https://classic.wowhead.com/item=16856
Molten Core,Baron Geddon,Seal of the Archmagus,epic,17110,https://classic.wowhead.com/item=17110
Molten Core,Baron Geddon,Talisman of Binding Shard,legendary,17782,https://classic.wowhead.com/item=17782
Molten Core,Golemagg,Arcanist Robes,epic,16798,https://classic.wowhead.com/item=16798
Molten Core,Golemagg,Azuresong Mageblade,epic,17103,https://classic.wowhead.com/item=17103
Molten Core,Golemagg,Blastershot Launcher,epic,17072,https://classic.wowhead.com/item=17072
Molten Core,Golemagg,Breastplate of Might,epic,16865,https://classic.wowhead.com/item=16865
Molten Core,Golemagg,Cenarion Vestments,epic,16833,https://classic.wowhead.com/item=16833
Molten Core,Golemagg,Earthfury Vestments,epic,16841,https://classic.wowhead.com/item=16841
Molten Core,Golemagg,Felheart Robes,epic,16809,https://classic.wowhead.com/item=16809
Molten Core,Golemagg,Giantstalker's Breastplate,epic,16845,https://classic.wowhead.com/item=16845
Molten Core,Golemagg,Lawbringer Chestguard,epic,16853,https://classic.wowhead.com/item=16853
Molten Core,Golemagg,Nightslayer Chestpiece,epic,16820,https://classic.wowhead.com/item=16820
Molten Core,Golemagg,Nightslayer Chestpiece,epic,16820,https://classic.wowhead.com/item=16820
Molten Core,Golemagg,Robes of Prophecy,epic,16815,https://classic.wowhead.com/item=16815
Molten Core,Golemagg,Staff of Dominance,epic,18842,https://classic.wowhead.com/item=18842
Molten Core,Sulfuron,Giantstalker's Epaulets,epic,16848,https://classic.wowhead.com/item=16848
Molten Core,Sulfuron,Mantle of Prophecy,epic,16816,https://classic.wowhead.com/item=16816
Molten Core,Sulfuron,Nightslayer Shoulder Pads,epic,16823,https://classic.wowhead.com/item=16823
Molten Core,Sulfuron,Pauldrons of Might,epic,16868,https://classic.wowhead.com/item=16868
Molten Core,Sulfuron,Shadowstrike,epic,17074,https://classic.wowhead.com/item=17074
Molten Core,Majordomo,Ancient Petrified Leaf,epic,18703,https://classic.wowhead.com/item=18703
Molten Core,Majordomo,Cauterizing Band,epic,19140,https://classic.wowhead.com/item=19140
Molten Core,Majordomo,Core Forged Greaves,epic,18806,https://classic.wowhead.com/item=18806
Molten Core,Majordomo,Core Hound Tooth,epic,18805,https://classic.wowhead.com/item=18805
Molten Core,Majordomo,Finkle's Lava Dredger,epic,18803,https://classic.wowhead.com/item=18803
Molten Core,Majordomo,Fireguard Shoulders,epic,19139,https://classic.wowhead.com/item=19139
Molten Core,Majordomo,Fireproof Cloak,epic,18811,https://classic.wowhead.com/item=18811
Molten Core,Majordomo,Gloves of the Hypnotic Flame,epic,18808,https://classic.wowhead.com/item=18808
Molten Core,Majordomo,Sash of Whispered Secrets,epic,18809,https://classic.wowhead.com/item=18809
Molten Core,Majordomo,The Eye of Divinity,epic,18646,https://classic.wowhead.com/item=18646
Molten Core,Majordomo,Wild Growth Spaulders,epic,18810,https://classic.wowhead.com/item=18810
Molten Core,Majordomo,Wristguards of True Flight,epic,18812,https://classic.wowhead.com/item=18812
Molten Core,Ragnaros,Band of Accuria,epic,17063,https://classic.wowhead.com/item=17063
Molten Core,Ragnaros,Band of Sulfuras,epic,19138,https://classic.wowhead.com/item=19138
Molten Core,Ragnaros,Bloodfang Pants,epic,16909,https://classic.wowhead.com/item=16909
Molten Core,Ragnaros,Bonereaver's Edge,epic,17076,https://classic.wowhead.com/item=17076
Molten Core,Ragnaros,Choker of the Fire Lord,epic,18814,https://classic.wowhead.com/item=18814
Molten Core,Ragnaros,Cloak of the Shrouded Mists,epic,17102,https://classic.wowhead.com/item=17102
Molten Core,Ragnaros,Crown of Destruction,epic,18817,https://classic.wowhead.com/item=18817
Molten Core,Ragnaros,Dragon's Blood Cape,epic,17107,https://classic.wowhead.com/item=17107
Molten Core,Ragnaros,Dragonstalker's Legguards,epic,16938,https://classic.wowhead.com/item=16938
Molten Core,Ragnaros,Essence of the Pure Flame,epic,18815,https://classic.wowhead.com/item=18815
Molten Core,Ragnaros,Eye of Sulfuras,legendary,17204,https://classic.wowhead.com/item=17204
Molten Core,Ragnaros,Judgement Legplates,epic,16954,https://classic.wowhead.com/item=16954
Molten Core,Ragnaros,Leggings of Transcendence,epic,16922,https://classic.wowhead.com/item=16922
Molten Core,Ragnaros,Legplates of Ten Storms,epic,16946,https://classic.wowhead.com/item=16946
Molten Core,Ragnaros,Legplates of Wrath,epic,16962,https://classic.wowhead.com/item=16962
Molten Core,Ragnaros,Malistar's Defender,epic,17106,https://classic.wowhead.com/item=17106
Molten Core,Ragnaros,Nemesis Leggings,epic,16930,https://classic.wowhead.com/item=16930
Molten Core,Ragnaros,Netherwind Pants,epic,16915,https://classic.wowhead.com/item=16915
Molten Core,Ragnaros,Onslaught Girdle,epic,19137,https://classic.wowhead.com/item=19137
Molten Core,Ragnaros,Perdition's Blade,epic,18816,https://classic.wowhead.com/item=18816
Molten Core,Ragnaros,Shard of the Flame,epic,17082,https://classic.wowhead.com/item=17082
Molten Core,Ragnaros,Spinal Reaper,epic,17104,https://classic.wowhead.com/item=17104
Molten Core,Ragnaros,Stormrage Legguards,epic,16901,https://classic.wowhead.com/item=16901
